# Water Polo Control faceplate (mm)
# 250.0 x 180.0 x 3.0
v 0.00000 8.00000 0.00000
v 0.00000 8.00000 3.00000
v 0.00000 172.00000 0.00000
v 0.00000 172.00000 3.00000
v 0.03852 7.21586 0.00000
v 0.03852 7.21586 3.00000
v 0.03852 172.78414 0.00000
v 0.03852 172.78414 3.00000
v 0.15372 6.43928 0.00000
v 0.15372 6.43928 3.00000
v 0.15372 173.56072 0.00000
v 0.15372 173.56072 3.00000
v 0.34448 5.67772 0.00000
v 0.34448 5.67772 3.00000
v 0.34448 174.32228 0.00000
v 0.34448 174.32228 3.00000
v 0.60896 4.93853 0.00000
v 0.60896 4.93853 3.00000
v 0.60896 175.06147 0.00000
v 0.60896 175.06147 3.00000
v 0.94463 4.22883 0.00000
v 0.94463 4.22883 3.00000
v 0.94463 175.77117 0.00000
v 0.94463 175.77117 3.00000
v 1.34824 3.55544 0.00000
v 1.34824 3.55544 3.00000
v 1.34824 176.44456 0.00000
v 1.34824 176.44456 3.00000
v 1.81592 2.92485 0.00000
v 1.81592 2.92485 3.00000
v 1.81592 177.07515 0.00000
v 1.81592 177.07515 3.00000
v 2.34315 2.34315 0.00000
v 2.34315 2.34315 3.00000
v 2.34315 177.65685 0.00000
v 2.34315 177.65685 3.00000
v 2.92485 1.81592 0.00000
v 2.92485 1.81592 3.00000
v 2.92485 178.18408 0.00000
v 2.92485 178.18408 3.00000
v 3.55544 1.34824 0.00000
v 3.55544 1.34824 3.00000
v 3.55544 178.65176 0.00000
v 3.55544 178.65176 3.00000
v 4.22883 0.94463 0.00000
v 4.22883 0.94463 3.00000
v 4.22883 179.05537 0.00000
v 4.22883 179.05537 3.00000
v 4.93853 0.60896 0.00000
v 4.93853 0.60896 3.00000
v 4.93853 179.39104 0.00000
v 4.93853 179.39104 3.00000
v 5.67772 0.34448 0.00000
v 5.67772 0.34448 3.00000
v 5.67772 179.65552 0.00000
v 5.67772 179.65552 3.00000
v 5.75000 8.00000 0.00000
v 5.75000 8.00000 3.00000
v 5.75000 172.00000 0.00000
v 5.75000 172.00000 3.00000
v 5.76925 7.70632 0.00000
v 5.76925 7.70632 3.00000
v 5.76925 8.29368 0.00000
v 5.76925 8.29368 3.00000
v 5.76925 171.70632 0.00000
v 5.76925 171.70632 3.00000
v 5.76925 172.29368 0.00000
v 5.76925 172.29368 3.00000
v 5.82667 7.41766 0.00000
v 5.82667 7.41766 3.00000
v 5.82667 8.58234 0.00000
v 5.82667 8.58234 3.00000
v 5.82667 171.41766 0.00000
v 5.82667 171.41766 3.00000
v 5.82667 172.58234 0.00000
v 5.82667 172.58234 3.00000
v 5.92127 7.13896 0.00000
v 5.92127 7.13896 3.00000
v 5.92127 8.86104 0.00000
v 5.92127 8.86104 3.00000
v 5.92127 171.13896 0.00000
v 5.92127 171.13896 3.00000
v 5.92127 172.86104 0.00000
v 5.92127 172.86104 3.00000
v 6.05144 6.87500 0.00000
v 6.05144 6.87500 3.00000
v 6.05144 9.12500 0.00000
v 6.05144 9.12500 3.00000
v 6.05144 170.87500 0.00000
v 6.05144 170.87500 3.00000
v 6.05144 173.12500 0.00000
v 6.05144 173.12500 3.00000
v 6.21495 6.63029 0.00000
v 6.21495 6.63029 3.00000
v 6.21495 9.36971 0.00000
v 6.21495 9.36971 3.00000
v 6.21495 170.63029 0.00000
v 6.21495 170.63029 3.00000
v 6.21495 173.36971 0.00000
v 6.21495 173.36971 3.00000
v 6.40901 6.40901 0.00000
v 6.40901 6.40901 3.00000
v 6.40901 9.59099 0.00000
v 6.40901 9.59099 3.00000
v 6.40901 170.40901 0.00000
v 6.40901 170.40901 3.00000
v 6.40901 173.59099 0.00000
v 6.40901 173.59099 3.00000
v 6.43928 0.15372 0.00000
v 6.43928 0.15372 3.00000
v 6.43928 179.84628 0.00000
v 6.43928 179.84628 3.00000
v 6.63029 6.21495 0.00000
v 6.63029 6.21495 3.00000
v 6.63029 9.78505 0.00000
v 6.63029 9.78505 3.00000
v 6.63029 170.21495 0.00000
v 6.63029 170.21495 3.00000
v 6.63029 173.78505 0.00000
v 6.63029 173.78505 3.00000
v 6.87500 6.05144 0.00000
v 6.87500 6.05144 3.00000
v 6.87500 9.94856 0.00000
v 6.87500 9.94856 3.00000
v 6.87500 170.05144 0.00000
v 6.87500 170.05144 3.00000
v 6.87500 173.94856 0.00000
v 6.87500 173.94856 3.00000
v 7.13896 5.92127 0.00000
v 7.13896 5.92127 3.00000
v 7.13896 10.07873 0.00000
v 7.13896 10.07873 3.00000
v 7.13896 169.92127 0.00000
v 7.13896 169.92127 3.00000
v 7.13896 174.07873 0.00000
v 7.13896 174.07873 3.00000
v 7.21586 0.03852 0.00000
v 7.21586 0.03852 3.00000
v 7.21586 179.96148 0.00000
v 7.21586 179.96148 3.00000
v 7.41766 5.82667 0.00000
v 7.41766 5.82667 3.00000
v 7.41766 10.17333 0.00000
v 7.41766 10.17333 3.00000
v 7.41766 169.82667 0.00000
v 7.41766 169.82667 3.00000
v 7.41766 174.17333 0.00000
v 7.41766 174.17333 3.00000
v 7.70632 5.76925 0.00000
v 7.70632 5.76925 3.00000
v 7.70632 10.23075 0.00000
v 7.70632 10.23075 3.00000
v 7.70632 169.76925 0.00000
v 7.70632 169.76925 3.00000
v 7.70632 174.23075 0.00000
v 7.70632 174.23075 3.00000
v 8.00000 0.00000 0.00000
v 8.00000 0.00000 3.00000
v 8.00000 5.75000 0.00000
v 8.00000 5.75000 3.00000
v 8.00000 10.25000 0.00000
v 8.00000 10.25000 3.00000
v 8.00000 169.75000 0.00000
v 8.00000 169.75000 3.00000
v 8.00000 174.25000 0.00000
v 8.00000 174.25000 3.00000
v 8.00000 180.00000 0.00000
v 8.00000 180.00000 3.00000
v 8.29368 5.76925 0.00000
v 8.29368 5.76925 3.00000
v 8.29368 10.23075 0.00000
v 8.29368 10.23075 3.00000
v 8.29368 169.76925 0.00000
v 8.29368 169.76925 3.00000
v 8.29368 174.23075 0.00000
v 8.29368 174.23075 3.00000
v 8.58234 5.82667 0.00000
v 8.58234 5.82667 3.00000
v 8.58234 10.17333 0.00000
v 8.58234 10.17333 3.00000
v 8.58234 169.82667 0.00000
v 8.58234 169.82667 3.00000
v 8.58234 174.17333 0.00000
v 8.58234 174.17333 3.00000
v 8.86104 5.92127 0.00000
v 8.86104 5.92127 3.00000
v 8.86104 10.07873 0.00000
v 8.86104 10.07873 3.00000
v 8.86104 169.92127 0.00000
v 8.86104 169.92127 3.00000
v 8.86104 174.07873 0.00000
v 8.86104 174.07873 3.00000
v 9.12500 6.05144 0.00000
v 9.12500 6.05144 3.00000
v 9.12500 9.94856 0.00000
v 9.12500 9.94856 3.00000
v 9.12500 170.05144 0.00000
v 9.12500 170.05144 3.00000
v 9.12500 173.94856 0.00000
v 9.12500 173.94856 3.00000
v 9.36971 6.21495 0.00000
v 9.36971 6.21495 3.00000
v 9.36971 9.78505 0.00000
v 9.36971 9.78505 3.00000
v 9.36971 170.21495 0.00000
v 9.36971 170.21495 3.00000
v 9.36971 173.78505 0.00000
v 9.36971 173.78505 3.00000
v 9.59099 6.40901 0.00000
v 9.59099 6.40901 3.00000
v 9.59099 9.59099 0.00000
v 9.59099 9.59099 3.00000
v 9.59099 170.40901 0.00000
v 9.59099 170.40901 3.00000
v 9.59099 173.59099 0.00000
v 9.59099 173.59099 3.00000
v 9.78505 6.63029 0.00000
v 9.78505 6.63029 3.00000
v 9.78505 9.36971 0.00000
v 9.78505 9.36971 3.00000
v 9.78505 170.63029 0.00000
v 9.78505 170.63029 3.00000
v 9.78505 173.36971 0.00000
v 9.78505 173.36971 3.00000
v 9.94856 6.87500 0.00000
v 9.94856 6.87500 3.00000
v 9.94856 9.12500 0.00000
v 9.94856 9.12500 3.00000
v 9.94856 170.87500 0.00000
v 9.94856 170.87500 3.00000
v 9.94856 173.12500 0.00000
v 9.94856 173.12500 3.00000
v 10.07873 7.13896 0.00000
v 10.07873 7.13896 3.00000
v 10.07873 8.86104 0.00000
v 10.07873 8.86104 3.00000
v 10.07873 171.13896 0.00000
v 10.07873 171.13896 3.00000
v 10.07873 172.86104 0.00000
v 10.07873 172.86104 3.00000
v 10.17333 7.41766 0.00000
v 10.17333 7.41766 3.00000
v 10.17333 8.58234 0.00000
v 10.17333 8.58234 3.00000
v 10.17333 171.41766 0.00000
v 10.17333 171.41766 3.00000
v 10.17333 172.58234 0.00000
v 10.17333 172.58234 3.00000
v 10.23075 7.70632 0.00000
v 10.23075 7.70632 3.00000
v 10.23075 8.29368 0.00000
v 10.23075 8.29368 3.00000
v 10.23075 171.70632 0.00000
v 10.23075 171.70632 3.00000
v 10.23075 172.29368 0.00000
v 10.23075 172.29368 3.00000
v 10.25000 8.00000 0.00000
v 10.25000 8.00000 3.00000
v 10.25000 172.00000 0.00000
v 10.25000 172.00000 3.00000
v 26.90000 118.00000 0.00000
v 26.90000 118.00000 3.00000
v 26.90000 144.00000 0.00000
v 26.90000 144.00000 3.00000
v 26.96930 116.94274 0.00000
v 26.96930 116.94274 3.00000
v 26.96930 119.05726 0.00000
v 26.96930 119.05726 3.00000
v 26.96930 142.94274 0.00000
v 26.96930 142.94274 3.00000
v 26.96930 145.05726 0.00000
v 26.96930 145.05726 3.00000
v 27.17600 115.90357 0.00000
v 27.17600 115.90357 3.00000
v 27.17600 120.09643 0.00000
v 27.17600 120.09643 3.00000
v 27.17600 141.90357 0.00000
v 27.17600 141.90357 3.00000
v 27.17600 146.09643 0.00000
v 27.17600 146.09643 3.00000
v 27.51658 114.90026 0.00000
v 27.51658 114.90026 3.00000
v 27.51658 121.09974 0.00000
v 27.51658 121.09974 3.00000
v 27.51658 140.90026 0.00000
v 27.51658 140.90026 3.00000
v 27.51658 147.09974 0.00000
v 27.51658 147.09974 3.00000
v 27.98519 113.95000 0.00000
v 27.98519 113.95000 3.00000
v 27.98519 122.05000 0.00000
v 27.98519 122.05000 3.00000
v 27.98519 139.95000 0.00000
v 27.98519 139.95000 3.00000
v 27.98519 148.05000 0.00000
v 27.98519 148.05000 3.00000
v 28.57384 113.06903 0.00000
v 28.57384 113.06903 3.00000
v 28.57384 122.93097 0.00000
v 28.57384 122.93097 3.00000
v 28.57384 139.06903 0.00000
v 28.57384 139.06903 3.00000
v 28.57384 148.93097 0.00000
v 28.57384 148.93097 3.00000
v 29.27244 112.27244 0.00000
v 29.27244 112.27244 3.00000
v 29.27244 123.72756 0.00000
v 29.27244 123.72756 3.00000
v 29.27244 138.27244 0.00000
v 29.27244 138.27244 3.00000
v 29.27244 149.72756 0.00000
v 29.27244 149.72756 3.00000
v 30.06903 111.57384 0.00000
v 30.06903 111.57384 3.00000
v 30.06903 124.42616 0.00000
v 30.06903 124.42616 3.00000
v 30.06903 137.57384 0.00000
v 30.06903 137.57384 3.00000
v 30.06903 150.42616 0.00000
v 30.06903 150.42616 3.00000
v 30.95000 110.98519 0.00000
v 30.95000 110.98519 3.00000
v 30.95000 125.01481 0.00000
v 30.95000 125.01481 3.00000
v 30.95000 136.98519 0.00000
v 30.95000 136.98519 3.00000
v 30.95000 151.01481 0.00000
v 30.95000 151.01481 3.00000
v 31.90026 110.51658 0.00000
v 31.90026 110.51658 3.00000
v 31.90026 125.48342 0.00000
v 31.90026 125.48342 3.00000
v 31.90026 136.51658 0.00000
v 31.90026 136.51658 3.00000
v 31.90026 151.48342 0.00000
v 31.90026 151.48342 3.00000
v 32.90357 110.17600 0.00000
v 32.90357 110.17600 3.00000
v 32.90357 125.82400 0.00000
v 32.90357 125.82400 3.00000
v 32.90357 136.17600 0.00000
v 32.90357 136.17600 3.00000
v 32.90357 151.82400 0.00000
v 32.90357 151.82400 3.00000
v 33.94274 109.96930 0.00000
v 33.94274 109.96930 3.00000
v 33.94274 126.03070 0.00000
v 33.94274 126.03070 3.00000
v 33.94274 135.96930 0.00000
v 33.94274 135.96930 3.00000
v 33.94274 152.03070 0.00000
v 33.94274 152.03070 3.00000
v 35.00000 109.90000 0.00000
v 35.00000 109.90000 3.00000
v 35.00000 126.10000 0.00000
v 35.00000 126.10000 3.00000
v 35.00000 135.90000 0.00000
v 35.00000 135.90000 3.00000
v 35.00000 152.10000 0.00000
v 35.00000 152.10000 3.00000
v 36.05726 109.96930 0.00000
v 36.05726 109.96930 3.00000
v 36.05726 126.03070 0.00000
v 36.05726 126.03070 3.00000
v 36.05726 135.96930 0.00000
v 36.05726 135.96930 3.00000
v 36.05726 152.03070 0.00000
v 36.05726 152.03070 3.00000
v 37.09643 110.17600 0.00000
v 37.09643 110.17600 3.00000
v 37.09643 125.82400 0.00000
v 37.09643 125.82400 3.00000
v 37.09643 136.17600 0.00000
v 37.09643 136.17600 3.00000
v 37.09643 151.82400 0.00000
v 37.09643 151.82400 3.00000
v 38.09974 110.51658 0.00000
v 38.09974 110.51658 3.00000
v 38.09974 125.48342 0.00000
v 38.09974 125.48342 3.00000
v 38.09974 136.51658 0.00000
v 38.09974 136.51658 3.00000
v 38.09974 151.48342 0.00000
v 38.09974 151.48342 3.00000
v 39.05000 110.98519 0.00000
v 39.05000 110.98519 3.00000
v 39.05000 125.01481 0.00000
v 39.05000 125.01481 3.00000
v 39.05000 136.98519 0.00000
v 39.05000 136.98519 3.00000
v 39.05000 151.01481 0.00000
v 39.05000 151.01481 3.00000
v 39.93097 111.57384 0.00000
v 39.93097 111.57384 3.00000
v 39.93097 124.42616 0.00000
v 39.93097 124.42616 3.00000
v 39.93097 137.57384 0.00000
v 39.93097 137.57384 3.00000
v 39.93097 150.42616 0.00000
v 39.93097 150.42616 3.00000
v 40.72756 112.27244 0.00000
v 40.72756 112.27244 3.00000
v 40.72756 123.72756 0.00000
v 40.72756 123.72756 3.00000
v 40.72756 138.27244 0.00000
v 40.72756 138.27244 3.00000
v 40.72756 149.72756 0.00000
v 40.72756 149.72756 3.00000
v 41.42616 113.06903 0.00000
v 41.42616 113.06903 3.00000
v 41.42616 122.93097 0.00000
v 41.42616 122.93097 3.00000
v 41.42616 139.06903 0.00000
v 41.42616 139.06903 3.00000
v 41.42616 148.93097 0.00000
v 41.42616 148.93097 3.00000
v 42.01481 113.95000 0.00000
v 42.01481 113.95000 3.00000
v 42.01481 122.05000 0.00000
v 42.01481 122.05000 3.00000
v 42.01481 139.95000 0.00000
v 42.01481 139.95000 3.00000
v 42.01481 148.05000 0.00000
v 42.01481 148.05000 3.00000
v 42.48342 114.90026 0.00000
v 42.48342 114.90026 3.00000
v 42.48342 121.09974 0.00000
v 42.48342 121.09974 3.00000
v 42.48342 140.90026 0.00000
v 42.48342 140.90026 3.00000
v 42.48342 147.09974 0.00000
v 42.48342 147.09974 3.00000
v 42.82400 115.90357 0.00000
v 42.82400 115.90357 3.00000
v 42.82400 120.09643 0.00000
v 42.82400 120.09643 3.00000
v 42.82400 141.90357 0.00000
v 42.82400 141.90357 3.00000
v 42.82400 146.09643 0.00000
v 42.82400 146.09643 3.00000
v 43.03070 116.94274 0.00000
v 43.03070 116.94274 3.00000
v 43.03070 119.05726 0.00000
v 43.03070 119.05726 3.00000
v 43.03070 142.94274 0.00000
v 43.03070 142.94274 3.00000
v 43.03070 145.05726 0.00000
v 43.03070 145.05726 3.00000
v 43.10000 118.00000 0.00000
v 43.10000 118.00000 3.00000
v 43.10000 144.00000 0.00000
v 43.10000 144.00000 3.00000
v 46.90000 25.00000 0.00000
v 46.90000 25.00000 3.00000
v 46.90000 55.00000 0.00000
v 46.90000 55.00000 3.00000
v 46.90000 85.00000 0.00000
v 46.90000 85.00000 3.00000
v 46.96930 23.94274 0.00000
v 46.96930 23.94274 3.00000
v 46.96930 26.05726 0.00000
v 46.96930 26.05726 3.00000
v 46.96930 53.94274 0.00000
v 46.96930 53.94274 3.00000
v 46.96930 56.05726 0.00000
v 46.96930 56.05726 3.00000
v 46.96930 83.94274 0.00000
v 46.96930 83.94274 3.00000
v 46.96930 86.05726 0.00000
v 46.96930 86.05726 3.00000
v 47.17600 22.90357 0.00000
v 47.17600 22.90357 3.00000
v 47.17600 27.09643 0.00000
v 47.17600 27.09643 3.00000
v 47.17600 52.90357 0.00000
v 47.17600 52.90357 3.00000
v 47.17600 57.09643 0.00000
v 47.17600 57.09643 3.00000
v 47.17600 82.90357 0.00000
v 47.17600 82.90357 3.00000
v 47.17600 87.09643 0.00000
v 47.17600 87.09643 3.00000
v 47.51658 21.90026 0.00000
v 47.51658 21.90026 3.00000
v 47.51658 28.09974 0.00000
v 47.51658 28.09974 3.00000
v 47.51658 51.90026 0.00000
v 47.51658 51.90026 3.00000
v 47.51658 58.09974 0.00000
v 47.51658 58.09974 3.00000
v 47.51658 81.90026 0.00000
v 47.51658 81.90026 3.00000
v 47.51658 88.09974 0.00000
v 47.51658 88.09974 3.00000
v 47.98519 20.95000 0.00000
v 47.98519 20.95000 3.00000
v 47.98519 29.05000 0.00000
v 47.98519 29.05000 3.00000
v 47.98519 50.95000 0.00000
v 47.98519 50.95000 3.00000
v 47.98519 59.05000 0.00000
v 47.98519 59.05000 3.00000
v 47.98519 80.95000 0.00000
v 47.98519 80.95000 3.00000
v 47.98519 89.05000 0.00000
v 47.98519 89.05000 3.00000
v 48.57384 20.06903 0.00000
v 48.57384 20.06903 3.00000
v 48.57384 29.93097 0.00000
v 48.57384 29.93097 3.00000
v 48.57384 50.06903 0.00000
v 48.57384 50.06903 3.00000
v 48.57384 59.93097 0.00000
v 48.57384 59.93097 3.00000
v 48.57384 80.06903 0.00000
v 48.57384 80.06903 3.00000
v 48.57384 89.93097 0.00000
v 48.57384 89.93097 3.00000
v 49.27244 19.27244 0.00000
v 49.27244 19.27244 3.00000
v 49.27244 30.72756 0.00000
v 49.27244 30.72756 3.00000
v 49.27244 49.27244 0.00000
v 49.27244 49.27244 3.00000
v 49.27244 60.72756 0.00000
v 49.27244 60.72756 3.00000
v 49.27244 79.27244 0.00000
v 49.27244 79.27244 3.00000
v 49.27244 90.72756 0.00000
v 49.27244 90.72756 3.00000
v 50.06903 18.57384 0.00000
v 50.06903 18.57384 3.00000
v 50.06903 31.42616 0.00000
v 50.06903 31.42616 3.00000
v 50.06903 48.57384 0.00000
v 50.06903 48.57384 3.00000
v 50.06903 61.42616 0.00000
v 50.06903 61.42616 3.00000
v 50.06903 78.57384 0.00000
v 50.06903 78.57384 3.00000
v 50.06903 91.42616 0.00000
v 50.06903 91.42616 3.00000
v 50.95000 17.98519 0.00000
v 50.95000 17.98519 3.00000
v 50.95000 32.01481 0.00000
v 50.95000 32.01481 3.00000
v 50.95000 47.98519 0.00000
v 50.95000 47.98519 3.00000
v 50.95000 62.01481 0.00000
v 50.95000 62.01481 3.00000
v 50.95000 77.98519 0.00000
v 50.95000 77.98519 3.00000
v 50.95000 92.01481 0.00000
v 50.95000 92.01481 3.00000
v 51.90026 17.51658 0.00000
v 51.90026 17.51658 3.00000
v 51.90026 32.48342 0.00000
v 51.90026 32.48342 3.00000
v 51.90026 47.51658 0.00000
v 51.90026 47.51658 3.00000
v 51.90026 62.48342 0.00000
v 51.90026 62.48342 3.00000
v 51.90026 77.51658 0.00000
v 51.90026 77.51658 3.00000
v 51.90026 92.48342 0.00000
v 51.90026 92.48342 3.00000
v 52.90357 17.17600 0.00000
v 52.90357 17.17600 3.00000
v 52.90357 32.82400 0.00000
v 52.90357 32.82400 3.00000
v 52.90357 47.17600 0.00000
v 52.90357 47.17600 3.00000
v 52.90357 62.82400 0.00000
v 52.90357 62.82400 3.00000
v 52.90357 77.17600 0.00000
v 52.90357 77.17600 3.00000
v 52.90357 92.82400 0.00000
v 52.90357 92.82400 3.00000
v 53.94274 16.96930 0.00000
v 53.94274 16.96930 3.00000
v 53.94274 33.03070 0.00000
v 53.94274 33.03070 3.00000
v 53.94274 46.96930 0.00000
v 53.94274 46.96930 3.00000
v 53.94274 63.03070 0.00000
v 53.94274 63.03070 3.00000
v 53.94274 76.96930 0.00000
v 53.94274 76.96930 3.00000
v 53.94274 93.03070 0.00000
v 53.94274 93.03070 3.00000
v 55.00000 16.90000 0.00000
v 55.00000 16.90000 3.00000
v 55.00000 33.10000 0.00000
v 55.00000 33.10000 3.00000
v 55.00000 46.90000 0.00000
v 55.00000 46.90000 3.00000
v 55.00000 63.10000 0.00000
v 55.00000 63.10000 3.00000
v 55.00000 76.90000 0.00000
v 55.00000 76.90000 3.00000
v 55.00000 93.10000 0.00000
v 55.00000 93.10000 3.00000
v 56.05726 16.96930 0.00000
v 56.05726 16.96930 3.00000
v 56.05726 33.03070 0.00000
v 56.05726 33.03070 3.00000
v 56.05726 46.96930 0.00000
v 56.05726 46.96930 3.00000
v 56.05726 63.03070 0.00000
v 56.05726 63.03070 3.00000
v 56.05726 76.96930 0.00000
v 56.05726 76.96930 3.00000
v 56.05726 93.03070 0.00000
v 56.05726 93.03070 3.00000
v 57.09643 17.17600 0.00000
v 57.09643 17.17600 3.00000
v 57.09643 32.82400 0.00000
v 57.09643 32.82400 3.00000
v 57.09643 47.17600 0.00000
v 57.09643 47.17600 3.00000
v 57.09643 62.82400 0.00000
v 57.09643 62.82400 3.00000
v 57.09643 77.17600 0.00000
v 57.09643 77.17600 3.00000
v 57.09643 92.82400 0.00000
v 57.09643 92.82400 3.00000
v 58.09974 17.51658 0.00000
v 58.09974 17.51658 3.00000
v 58.09974 32.48342 0.00000
v 58.09974 32.48342 3.00000
v 58.09974 47.51658 0.00000
v 58.09974 47.51658 3.00000
v 58.09974 62.48342 0.00000
v 58.09974 62.48342 3.00000
v 58.09974 77.51658 0.00000
v 58.09974 77.51658 3.00000
v 58.09974 92.48342 0.00000
v 58.09974 92.48342 3.00000
v 59.05000 17.98519 0.00000
v 59.05000 17.98519 3.00000
v 59.05000 32.01481 0.00000
v 59.05000 32.01481 3.00000
v 59.05000 47.98519 0.00000
v 59.05000 47.98519 3.00000
v 59.05000 62.01481 0.00000
v 59.05000 62.01481 3.00000
v 59.05000 77.98519 0.00000
v 59.05000 77.98519 3.00000
v 59.05000 92.01481 0.00000
v 59.05000 92.01481 3.00000
v 59.93097 18.57384 0.00000
v 59.93097 18.57384 3.00000
v 59.93097 31.42616 0.00000
v 59.93097 31.42616 3.00000
v 59.93097 48.57384 0.00000
v 59.93097 48.57384 3.00000
v 59.93097 61.42616 0.00000
v 59.93097 61.42616 3.00000
v 59.93097 78.57384 0.00000
v 59.93097 78.57384 3.00000
v 59.93097 91.42616 0.00000
v 59.93097 91.42616 3.00000
v 60.72756 19.27244 0.00000
v 60.72756 19.27244 3.00000
v 60.72756 30.72756 0.00000
v 60.72756 30.72756 3.00000
v 60.72756 49.27244 0.00000
v 60.72756 49.27244 3.00000
v 60.72756 60.72756 0.00000
v 60.72756 60.72756 3.00000
v 60.72756 79.27244 0.00000
v 60.72756 79.27244 3.00000
v 60.72756 90.72756 0.00000
v 60.72756 90.72756 3.00000
v 61.42616 20.06903 0.00000
v 61.42616 20.06903 3.00000
v 61.42616 29.93097 0.00000
v 61.42616 29.93097 3.00000
v 61.42616 50.06903 0.00000
v 61.42616 50.06903 3.00000
v 61.42616 59.93097 0.00000
v 61.42616 59.93097 3.00000
v 61.42616 80.06903 0.00000
v 61.42616 80.06903 3.00000
v 61.42616 89.93097 0.00000
v 61.42616 89.93097 3.00000
v 62.01481 20.95000 0.00000
v 62.01481 20.95000 3.00000
v 62.01481 29.05000 0.00000
v 62.01481 29.05000 3.00000
v 62.01481 50.95000 0.00000
v 62.01481 50.95000 3.00000
v 62.01481 59.05000 0.00000
v 62.01481 59.05000 3.00000
v 62.01481 80.95000 0.00000
v 62.01481 80.95000 3.00000
v 62.01481 89.05000 0.00000
v 62.01481 89.05000 3.00000
v 62.48342 21.90026 0.00000
v 62.48342 21.90026 3.00000
v 62.48342 28.09974 0.00000
v 62.48342 28.09974 3.00000
v 62.48342 51.90026 0.00000
v 62.48342 51.90026 3.00000
v 62.48342 58.09974 0.00000
v 62.48342 58.09974 3.00000
v 62.48342 81.90026 0.00000
v 62.48342 81.90026 3.00000
v 62.48342 88.09974 0.00000
v 62.48342 88.09974 3.00000
v 62.82400 22.90357 0.00000
v 62.82400 22.90357 3.00000
v 62.82400 27.09643 0.00000
v 62.82400 27.09643 3.00000
v 62.82400 52.90357 0.00000
v 62.82400 52.90357 3.00000
v 62.82400 57.09643 0.00000
v 62.82400 57.09643 3.00000
v 62.82400 82.90357 0.00000
v 62.82400 82.90357 3.00000
v 62.82400 87.09643 0.00000
v 62.82400 87.09643 3.00000
v 63.03070 23.94274 0.00000
v 63.03070 23.94274 3.00000
v 63.03070 26.05726 0.00000
v 63.03070 26.05726 3.00000
v 63.03070 53.94274 0.00000
v 63.03070 53.94274 3.00000
v 63.03070 56.05726 0.00000
v 63.03070 56.05726 3.00000
v 63.03070 83.94274 0.00000
v 63.03070 83.94274 3.00000
v 63.03070 86.05726 0.00000
v 63.03070 86.05726 3.00000
v 63.10000 25.00000 0.00000
v 63.10000 25.00000 3.00000
v 63.10000 55.00000 0.00000
v 63.10000 55.00000 3.00000
v 63.10000 85.00000 0.00000
v 63.10000 85.00000 3.00000
v 85.90000 116.50000 0.00000
v 85.90000 116.50000 3.00000
v 85.90000 147.50000 0.00000
v 85.90000 147.50000 3.00000
v 85.91369 116.29116 0.00000
v 85.91369 116.29116 3.00000
v 85.91369 116.70884 0.00000
v 85.91369 116.70884 3.00000
v 85.91369 147.29116 0.00000
v 85.91369 147.29116 3.00000
v 85.91369 147.70884 0.00000
v 85.91369 147.70884 3.00000
v 85.95452 116.08589 0.00000
v 85.95452 116.08589 3.00000
v 85.95452 116.91411 0.00000
v 85.95452 116.91411 3.00000
v 85.95452 147.08589 0.00000
v 85.95452 147.08589 3.00000
v 85.95452 147.91411 0.00000
v 85.95452 147.91411 3.00000
v 86.02179 115.88771 0.00000
v 86.02179 115.88771 3.00000
v 86.02179 117.11229 0.00000
v 86.02179 117.11229 3.00000
v 86.02179 146.88771 0.00000
v 86.02179 146.88771 3.00000
v 86.02179 148.11229 0.00000
v 86.02179 148.11229 3.00000
v 86.11436 115.70000 0.00000
v 86.11436 115.70000 3.00000
v 86.11436 117.30000 0.00000
v 86.11436 117.30000 3.00000
v 86.11436 146.70000 0.00000
v 86.11436 146.70000 3.00000
v 86.11436 148.30000 0.00000
v 86.11436 148.30000 3.00000
v 86.23063 115.52598 0.00000
v 86.23063 115.52598 3.00000
v 86.23063 117.47402 0.00000
v 86.23063 117.47402 3.00000
v 86.23063 146.52598 0.00000
v 86.23063 146.52598 3.00000
v 86.23063 148.47402 0.00000
v 86.23063 148.47402 3.00000
v 86.36863 115.36863 0.00000
v 86.36863 115.36863 3.00000
v 86.36863 117.63137 0.00000
v 86.36863 117.63137 3.00000
v 86.36863 146.36863 0.00000
v 86.36863 146.36863 3.00000
v 86.36863 148.63137 0.00000
v 86.36863 148.63137 3.00000
v 86.52598 115.23063 0.00000
v 86.52598 115.23063 3.00000
v 86.52598 117.76937 0.00000
v 86.52598 117.76937 3.00000
v 86.52598 146.23063 0.00000
v 86.52598 146.23063 3.00000
v 86.52598 148.76937 0.00000
v 86.52598 148.76937 3.00000
v 86.70000 115.11436 0.00000
v 86.70000 115.11436 3.00000
v 86.70000 117.88564 0.00000
v 86.70000 117.88564 3.00000
v 86.70000 146.11436 0.00000
v 86.70000 146.11436 3.00000
v 86.70000 148.88564 0.00000
v 86.70000 148.88564 3.00000
v 86.88771 115.02179 0.00000
v 86.88771 115.02179 3.00000
v 86.88771 117.97821 0.00000
v 86.88771 117.97821 3.00000
v 86.88771 146.02179 0.00000
v 86.88771 146.02179 3.00000
v 86.88771 148.97821 0.00000
v 86.88771 148.97821 3.00000
v 87.08589 114.95452 0.00000
v 87.08589 114.95452 3.00000
v 87.08589 118.04548 0.00000
v 87.08589 118.04548 3.00000
v 87.08589 145.95452 0.00000
v 87.08589 145.95452 3.00000
v 87.08589 149.04548 0.00000
v 87.08589 149.04548 3.00000
v 87.29116 114.91369 0.00000
v 87.29116 114.91369 3.00000
v 87.29116 118.08631 0.00000
v 87.29116 118.08631 3.00000
v 87.29116 145.91369 0.00000
v 87.29116 145.91369 3.00000
v 87.29116 149.08631 0.00000
v 87.29116 149.08631 3.00000
v 87.50000 114.90000 0.00000
v 87.50000 114.90000 3.00000
v 87.50000 118.10000 0.00000
v 87.50000 118.10000 3.00000
v 87.50000 145.90000 0.00000
v 87.50000 145.90000 3.00000
v 87.50000 149.10000 0.00000
v 87.50000 149.10000 3.00000
v 87.70884 114.91369 0.00000
v 87.70884 114.91369 3.00000
v 87.70884 118.08631 0.00000
v 87.70884 118.08631 3.00000
v 87.70884 145.91369 0.00000
v 87.70884 145.91369 3.00000
v 87.70884 149.08631 0.00000
v 87.70884 149.08631 3.00000
v 87.91411 114.95452 0.00000
v 87.91411 114.95452 3.00000
v 87.91411 118.04548 0.00000
v 87.91411 118.04548 3.00000
v 87.91411 145.95452 0.00000
v 87.91411 145.95452 3.00000
v 87.91411 149.04548 0.00000
v 87.91411 149.04548 3.00000
v 88.11229 115.02179 0.00000
v 88.11229 115.02179 3.00000
v 88.11229 117.97821 0.00000
v 88.11229 117.97821 3.00000
v 88.11229 146.02179 0.00000
v 88.11229 146.02179 3.00000
v 88.11229 148.97821 0.00000
v 88.11229 148.97821 3.00000
v 88.30000 115.11436 0.00000
v 88.30000 115.11436 3.00000
v 88.30000 117.88564 0.00000
v 88.30000 117.88564 3.00000
v 88.30000 146.11436 0.00000
v 88.30000 146.11436 3.00000
v 88.30000 148.88564 0.00000
v 88.30000 148.88564 3.00000
v 88.47402 115.23063 0.00000
v 88.47402 115.23063 3.00000
v 88.47402 117.76937 0.00000
v 88.47402 117.76937 3.00000
v 88.47402 146.23063 0.00000
v 88.47402 146.23063 3.00000
v 88.47402 148.76937 0.00000
v 88.47402 148.76937 3.00000
v 88.63137 115.36863 0.00000
v 88.63137 115.36863 3.00000
v 88.63137 117.63137 0.00000
v 88.63137 117.63137 3.00000
v 88.63137 146.36863 0.00000
v 88.63137 146.36863 3.00000
v 88.63137 148.63137 0.00000
v 88.63137 148.63137 3.00000
v 88.76937 115.52598 0.00000
v 88.76937 115.52598 3.00000
v 88.76937 117.47402 0.00000
v 88.76937 117.47402 3.00000
v 88.76937 146.52598 0.00000
v 88.76937 146.52598 3.00000
v 88.76937 148.47402 0.00000
v 88.76937 148.47402 3.00000
v 88.88564 115.70000 0.00000
v 88.88564 115.70000 3.00000
v 88.88564 117.30000 0.00000
v 88.88564 117.30000 3.00000
v 88.88564 146.70000 0.00000
v 88.88564 146.70000 3.00000
v 88.88564 148.30000 0.00000
v 88.88564 148.30000 3.00000
v 88.97821 115.88771 0.00000
v 88.97821 115.88771 3.00000
v 88.97821 117.11229 0.00000
v 88.97821 117.11229 3.00000
v 88.97821 146.88771 0.00000
v 88.97821 146.88771 3.00000
v 88.97821 148.11229 0.00000
v 88.97821 148.11229 3.00000
v 89.00000 119.50000 0.00000
v 89.00000 119.50000 3.00000
v 89.00000 144.50000 0.00000
v 89.00000 144.50000 3.00000
v 89.04548 116.08589 0.00000
v 89.04548 116.08589 3.00000
v 89.04548 116.91411 0.00000
v 89.04548 116.91411 3.00000
v 89.04548 147.08589 0.00000
v 89.04548 147.08589 3.00000
v 89.04548 147.91411 0.00000
v 89.04548 147.91411 3.00000
v 89.08631 116.29116 0.00000
v 89.08631 116.29116 3.00000
v 89.08631 116.70884 0.00000
v 89.08631 116.70884 3.00000
v 89.08631 147.29116 0.00000
v 89.08631 147.29116 3.00000
v 89.08631 147.70884 0.00000
v 89.08631 147.70884 3.00000
v 89.10000 116.50000 0.00000
v 89.10000 116.50000 3.00000
v 89.10000 147.50000 0.00000
v 89.10000 147.50000 3.00000
v 96.90000 25.00000 0.00000
v 96.90000 25.00000 3.00000
v 96.90000 55.00000 0.00000
v 96.90000 55.00000 3.00000
v 96.90000 85.00000 0.00000
v 96.90000 85.00000 3.00000
v 96.96930 23.94274 0.00000
v 96.96930 23.94274 3.00000
v 96.96930 26.05726 0.00000
v 96.96930 26.05726 3.00000
v 96.96930 53.94274 0.00000
v 96.96930 53.94274 3.00000
v 96.96930 56.05726 0.00000
v 96.96930 56.05726 3.00000
v 96.96930 83.94274 0.00000
v 96.96930 83.94274 3.00000
v 96.96930 86.05726 0.00000
v 96.96930 86.05726 3.00000
v 97.17600 22.90357 0.00000
v 97.17600 22.90357 3.00000
v 97.17600 27.09643 0.00000
v 97.17600 27.09643 3.00000
v 97.17600 52.90357 0.00000
v 97.17600 52.90357 3.00000
v 97.17600 57.09643 0.00000
v 97.17600 57.09643 3.00000
v 97.17600 82.90357 0.00000
v 97.17600 82.90357 3.00000
v 97.17600 87.09643 0.00000
v 97.17600 87.09643 3.00000
v 97.51658 21.90026 0.00000
v 97.51658 21.90026 3.00000
v 97.51658 28.09974 0.00000
v 97.51658 28.09974 3.00000
v 97.51658 51.90026 0.00000
v 97.51658 51.90026 3.00000
v 97.51658 58.09974 0.00000
v 97.51658 58.09974 3.00000
v 97.51658 81.90026 0.00000
v 97.51658 81.90026 3.00000
v 97.51658 88.09974 0.00000
v 97.51658 88.09974 3.00000
v 97.98519 20.95000 0.00000
v 97.98519 20.95000 3.00000
v 97.98519 29.05000 0.00000
v 97.98519 29.05000 3.00000
v 97.98519 50.95000 0.00000
v 97.98519 50.95000 3.00000
v 97.98519 59.05000 0.00000
v 97.98519 59.05000 3.00000
v 97.98519 80.95000 0.00000
v 97.98519 80.95000 3.00000
v 97.98519 89.05000 0.00000
v 97.98519 89.05000 3.00000
v 98.57384 20.06903 0.00000
v 98.57384 20.06903 3.00000
v 98.57384 29.93097 0.00000
v 98.57384 29.93097 3.00000
v 98.57384 50.06903 0.00000
v 98.57384 50.06903 3.00000
v 98.57384 59.93097 0.00000
v 98.57384 59.93097 3.00000
v 98.57384 80.06903 0.00000
v 98.57384 80.06903 3.00000
v 98.57384 89.93097 0.00000
v 98.57384 89.93097 3.00000
v 99.27244 19.27244 0.00000
v 99.27244 19.27244 3.00000
v 99.27244 30.72756 0.00000
v 99.27244 30.72756 3.00000
v 99.27244 49.27244 0.00000
v 99.27244 49.27244 3.00000
v 99.27244 60.72756 0.00000
v 99.27244 60.72756 3.00000
v 99.27244 79.27244 0.00000
v 99.27244 79.27244 3.00000
v 99.27244 90.72756 0.00000
v 99.27244 90.72756 3.00000
v 100.06903 18.57384 0.00000
v 100.06903 18.57384 3.00000
v 100.06903 31.42616 0.00000
v 100.06903 31.42616 3.00000
v 100.06903 48.57384 0.00000
v 100.06903 48.57384 3.00000
v 100.06903 61.42616 0.00000
v 100.06903 61.42616 3.00000
v 100.06903 78.57384 0.00000
v 100.06903 78.57384 3.00000
v 100.06903 91.42616 0.00000
v 100.06903 91.42616 3.00000
v 100.95000 17.98519 0.00000
v 100.95000 17.98519 3.00000
v 100.95000 32.01481 0.00000
v 100.95000 32.01481 3.00000
v 100.95000 47.98519 0.00000
v 100.95000 47.98519 3.00000
v 100.95000 62.01481 0.00000
v 100.95000 62.01481 3.00000
v 100.95000 77.98519 0.00000
v 100.95000 77.98519 3.00000
v 100.95000 92.01481 0.00000
v 100.95000 92.01481 3.00000
v 101.90026 17.51658 0.00000
v 101.90026 17.51658 3.00000
v 101.90026 32.48342 0.00000
v 101.90026 32.48342 3.00000
v 101.90026 47.51658 0.00000
v 101.90026 47.51658 3.00000
v 101.90026 62.48342 0.00000
v 101.90026 62.48342 3.00000
v 101.90026 77.51658 0.00000
v 101.90026 77.51658 3.00000
v 101.90026 92.48342 0.00000
v 101.90026 92.48342 3.00000
v 102.90357 17.17600 0.00000
v 102.90357 17.17600 3.00000
v 102.90357 32.82400 0.00000
v 102.90357 32.82400 3.00000
v 102.90357 47.17600 0.00000
v 102.90357 47.17600 3.00000
v 102.90357 62.82400 0.00000
v 102.90357 62.82400 3.00000
v 102.90357 77.17600 0.00000
v 102.90357 77.17600 3.00000
v 102.90357 92.82400 0.00000
v 102.90357 92.82400 3.00000
v 103.94274 16.96930 0.00000
v 103.94274 16.96930 3.00000
v 103.94274 33.03070 0.00000
v 103.94274 33.03070 3.00000
v 103.94274 46.96930 0.00000
v 103.94274 46.96930 3.00000
v 103.94274 63.03070 0.00000
v 103.94274 63.03070 3.00000
v 103.94274 76.96930 0.00000
v 103.94274 76.96930 3.00000
v 103.94274 93.03070 0.00000
v 103.94274 93.03070 3.00000
v 105.00000 16.90000 0.00000
v 105.00000 16.90000 3.00000
v 105.00000 33.10000 0.00000
v 105.00000 33.10000 3.00000
v 105.00000 46.90000 0.00000
v 105.00000 46.90000 3.00000
v 105.00000 63.10000 0.00000
v 105.00000 63.10000 3.00000
v 105.00000 76.90000 0.00000
v 105.00000 76.90000 3.00000
v 105.00000 93.10000 0.00000
v 105.00000 93.10000 3.00000
v 106.05726 16.96930 0.00000
v 106.05726 16.96930 3.00000
v 106.05726 33.03070 0.00000
v 106.05726 33.03070 3.00000
v 106.05726 46.96930 0.00000
v 106.05726 46.96930 3.00000
v 106.05726 63.03070 0.00000
v 106.05726 63.03070 3.00000
v 106.05726 76.96930 0.00000
v 106.05726 76.96930 3.00000
v 106.05726 93.03070 0.00000
v 106.05726 93.03070 3.00000
v 107.09643 17.17600 0.00000
v 107.09643 17.17600 3.00000
v 107.09643 32.82400 0.00000
v 107.09643 32.82400 3.00000
v 107.09643 47.17600 0.00000
v 107.09643 47.17600 3.00000
v 107.09643 62.82400 0.00000
v 107.09643 62.82400 3.00000
v 107.09643 77.17600 0.00000
v 107.09643 77.17600 3.00000
v 107.09643 92.82400 0.00000
v 107.09643 92.82400 3.00000
v 108.09974 17.51658 0.00000
v 108.09974 17.51658 3.00000
v 108.09974 32.48342 0.00000
v 108.09974 32.48342 3.00000
v 108.09974 47.51658 0.00000
v 108.09974 47.51658 3.00000
v 108.09974 62.48342 0.00000
v 108.09974 62.48342 3.00000
v 108.09974 77.51658 0.00000
v 108.09974 77.51658 3.00000
v 108.09974 92.48342 0.00000
v 108.09974 92.48342 3.00000
v 109.05000 17.98519 0.00000
v 109.05000 17.98519 3.00000
v 109.05000 32.01481 0.00000
v 109.05000 32.01481 3.00000
v 109.05000 47.98519 0.00000
v 109.05000 47.98519 3.00000
v 109.05000 62.01481 0.00000
v 109.05000 62.01481 3.00000
v 109.05000 77.98519 0.00000
v 109.05000 77.98519 3.00000
v 109.05000 92.01481 0.00000
v 109.05000 92.01481 3.00000
v 109.93097 18.57384 0.00000
v 109.93097 18.57384 3.00000
v 109.93097 31.42616 0.00000
v 109.93097 31.42616 3.00000
v 109.93097 48.57384 0.00000
v 109.93097 48.57384 3.00000
v 109.93097 61.42616 0.00000
v 109.93097 61.42616 3.00000
v 109.93097 78.57384 0.00000
v 109.93097 78.57384 3.00000
v 109.93097 91.42616 0.00000
v 109.93097 91.42616 3.00000
v 110.72756 19.27244 0.00000
v 110.72756 19.27244 3.00000
v 110.72756 30.72756 0.00000
v 110.72756 30.72756 3.00000
v 110.72756 49.27244 0.00000
v 110.72756 49.27244 3.00000
v 110.72756 60.72756 0.00000
v 110.72756 60.72756 3.00000
v 110.72756 79.27244 0.00000
v 110.72756 79.27244 3.00000
v 110.72756 90.72756 0.00000
v 110.72756 90.72756 3.00000
v 111.42616 20.06903 0.00000
v 111.42616 20.06903 3.00000
v 111.42616 29.93097 0.00000
v 111.42616 29.93097 3.00000
v 111.42616 50.06903 0.00000
v 111.42616 50.06903 3.00000
v 111.42616 59.93097 0.00000
v 111.42616 59.93097 3.00000
v 111.42616 80.06903 0.00000
v 111.42616 80.06903 3.00000
v 111.42616 89.93097 0.00000
v 111.42616 89.93097 3.00000
v 112.01481 20.95000 0.00000
v 112.01481 20.95000 3.00000
v 112.01481 29.05000 0.00000
v 112.01481 29.05000 3.00000
v 112.01481 50.95000 0.00000
v 112.01481 50.95000 3.00000
v 112.01481 59.05000 0.00000
v 112.01481 59.05000 3.00000
v 112.01481 80.95000 0.00000
v 112.01481 80.95000 3.00000
v 112.01481 89.05000 0.00000
v 112.01481 89.05000 3.00000
v 112.48342 21.90026 0.00000
v 112.48342 21.90026 3.00000
v 112.48342 28.09974 0.00000
v 112.48342 28.09974 3.00000
v 112.48342 51.90026 0.00000
v 112.48342 51.90026 3.00000
v 112.48342 58.09974 0.00000
v 112.48342 58.09974 3.00000
v 112.48342 81.90026 0.00000
v 112.48342 81.90026 3.00000
v 112.48342 88.09974 0.00000
v 112.48342 88.09974 3.00000
v 112.82400 22.90357 0.00000
v 112.82400 22.90357 3.00000
v 112.82400 27.09643 0.00000
v 112.82400 27.09643 3.00000
v 112.82400 52.90357 0.00000
v 112.82400 52.90357 3.00000
v 112.82400 57.09643 0.00000
v 112.82400 57.09643 3.00000
v 112.82400 82.90357 0.00000
v 112.82400 82.90357 3.00000
v 112.82400 87.09643 0.00000
v 112.82400 87.09643 3.00000
v 113.03070 23.94274 0.00000
v 113.03070 23.94274 3.00000
v 113.03070 26.05726 0.00000
v 113.03070 26.05726 3.00000
v 113.03070 53.94274 0.00000
v 113.03070 53.94274 3.00000
v 113.03070 56.05726 0.00000
v 113.03070 56.05726 3.00000
v 113.03070 83.94274 0.00000
v 113.03070 83.94274 3.00000
v 113.03070 86.05726 0.00000
v 113.03070 86.05726 3.00000
v 113.10000 25.00000 0.00000
v 113.10000 25.00000 3.00000
v 113.10000 55.00000 0.00000
v 113.10000 55.00000 3.00000
v 113.10000 85.00000 0.00000
v 113.10000 85.00000 3.00000
v 146.90000 25.00000 0.00000
v 146.90000 25.00000 3.00000
v 146.90000 55.00000 0.00000
v 146.90000 55.00000 3.00000
v 146.90000 85.00000 0.00000
v 146.90000 85.00000 3.00000
v 146.96930 23.94274 0.00000
v 146.96930 23.94274 3.00000
v 146.96930 26.05726 0.00000
v 146.96930 26.05726 3.00000
v 146.96930 53.94274 0.00000
v 146.96930 53.94274 3.00000
v 146.96930 56.05726 0.00000
v 146.96930 56.05726 3.00000
v 146.96930 83.94274 0.00000
v 146.96930 83.94274 3.00000
v 146.96930 86.05726 0.00000
v 146.96930 86.05726 3.00000
v 147.17600 22.90357 0.00000
v 147.17600 22.90357 3.00000
v 147.17600 27.09643 0.00000
v 147.17600 27.09643 3.00000
v 147.17600 52.90357 0.00000
v 147.17600 52.90357 3.00000
v 147.17600 57.09643 0.00000
v 147.17600 57.09643 3.00000
v 147.17600 82.90357 0.00000
v 147.17600 82.90357 3.00000
v 147.17600 87.09643 0.00000
v 147.17600 87.09643 3.00000
v 147.51658 21.90026 0.00000
v 147.51658 21.90026 3.00000
v 147.51658 28.09974 0.00000
v 147.51658 28.09974 3.00000
v 147.51658 51.90026 0.00000
v 147.51658 51.90026 3.00000
v 147.51658 58.09974 0.00000
v 147.51658 58.09974 3.00000
v 147.51658 81.90026 0.00000
v 147.51658 81.90026 3.00000
v 147.51658 88.09974 0.00000
v 147.51658 88.09974 3.00000
v 147.98519 20.95000 0.00000
v 147.98519 20.95000 3.00000
v 147.98519 29.05000 0.00000
v 147.98519 29.05000 3.00000
v 147.98519 50.95000 0.00000
v 147.98519 50.95000 3.00000
v 147.98519 59.05000 0.00000
v 147.98519 59.05000 3.00000
v 147.98519 80.95000 0.00000
v 147.98519 80.95000 3.00000
v 147.98519 89.05000 0.00000
v 147.98519 89.05000 3.00000
v 148.57384 20.06903 0.00000
v 148.57384 20.06903 3.00000
v 148.57384 29.93097 0.00000
v 148.57384 29.93097 3.00000
v 148.57384 50.06903 0.00000
v 148.57384 50.06903 3.00000
v 148.57384 59.93097 0.00000
v 148.57384 59.93097 3.00000
v 148.57384 80.06903 0.00000
v 148.57384 80.06903 3.00000
v 148.57384 89.93097 0.00000
v 148.57384 89.93097 3.00000
v 149.27244 19.27244 0.00000
v 149.27244 19.27244 3.00000
v 149.27244 30.72756 0.00000
v 149.27244 30.72756 3.00000
v 149.27244 49.27244 0.00000
v 149.27244 49.27244 3.00000
v 149.27244 60.72756 0.00000
v 149.27244 60.72756 3.00000
v 149.27244 79.27244 0.00000
v 149.27244 79.27244 3.00000
v 149.27244 90.72756 0.00000
v 149.27244 90.72756 3.00000
v 150.06903 18.57384 0.00000
v 150.06903 18.57384 3.00000
v 150.06903 31.42616 0.00000
v 150.06903 31.42616 3.00000
v 150.06903 48.57384 0.00000
v 150.06903 48.57384 3.00000
v 150.06903 61.42616 0.00000
v 150.06903 61.42616 3.00000
v 150.06903 78.57384 0.00000
v 150.06903 78.57384 3.00000
v 150.06903 91.42616 0.00000
v 150.06903 91.42616 3.00000
v 150.95000 17.98519 0.00000
v 150.95000 17.98519 3.00000
v 150.95000 32.01481 0.00000
v 150.95000 32.01481 3.00000
v 150.95000 47.98519 0.00000
v 150.95000 47.98519 3.00000
v 150.95000 62.01481 0.00000
v 150.95000 62.01481 3.00000
v 150.95000 77.98519 0.00000
v 150.95000 77.98519 3.00000
v 150.95000 92.01481 0.00000
v 150.95000 92.01481 3.00000
v 151.90026 17.51658 0.00000
v 151.90026 17.51658 3.00000
v 151.90026 32.48342 0.00000
v 151.90026 32.48342 3.00000
v 151.90026 47.51658 0.00000
v 151.90026 47.51658 3.00000
v 151.90026 62.48342 0.00000
v 151.90026 62.48342 3.00000
v 151.90026 77.51658 0.00000
v 151.90026 77.51658 3.00000
v 151.90026 92.48342 0.00000
v 151.90026 92.48342 3.00000
v 152.90357 17.17600 0.00000
v 152.90357 17.17600 3.00000
v 152.90357 32.82400 0.00000
v 152.90357 32.82400 3.00000
v 152.90357 47.17600 0.00000
v 152.90357 47.17600 3.00000
v 152.90357 62.82400 0.00000
v 152.90357 62.82400 3.00000
v 152.90357 77.17600 0.00000
v 152.90357 77.17600 3.00000
v 152.90357 92.82400 0.00000
v 152.90357 92.82400 3.00000
v 153.94274 16.96930 0.00000
v 153.94274 16.96930 3.00000
v 153.94274 33.03070 0.00000
v 153.94274 33.03070 3.00000
v 153.94274 46.96930 0.00000
v 153.94274 46.96930 3.00000
v 153.94274 63.03070 0.00000
v 153.94274 63.03070 3.00000
v 153.94274 76.96930 0.00000
v 153.94274 76.96930 3.00000
v 153.94274 93.03070 0.00000
v 153.94274 93.03070 3.00000
v 155.00000 16.90000 0.00000
v 155.00000 16.90000 3.00000
v 155.00000 33.10000 0.00000
v 155.00000 33.10000 3.00000
v 155.00000 46.90000 0.00000
v 155.00000 46.90000 3.00000
v 155.00000 63.10000 0.00000
v 155.00000 63.10000 3.00000
v 155.00000 76.90000 0.00000
v 155.00000 76.90000 3.00000
v 155.00000 93.10000 0.00000
v 155.00000 93.10000 3.00000
v 156.05726 16.96930 0.00000
v 156.05726 16.96930 3.00000
v 156.05726 33.03070 0.00000
v 156.05726 33.03070 3.00000
v 156.05726 46.96930 0.00000
v 156.05726 46.96930 3.00000
v 156.05726 63.03070 0.00000
v 156.05726 63.03070 3.00000
v 156.05726 76.96930 0.00000
v 156.05726 76.96930 3.00000
v 156.05726 93.03070 0.00000
v 156.05726 93.03070 3.00000
v 157.09643 17.17600 0.00000
v 157.09643 17.17600 3.00000
v 157.09643 32.82400 0.00000
v 157.09643 32.82400 3.00000
v 157.09643 47.17600 0.00000
v 157.09643 47.17600 3.00000
v 157.09643 62.82400 0.00000
v 157.09643 62.82400 3.00000
v 157.09643 77.17600 0.00000
v 157.09643 77.17600 3.00000
v 157.09643 92.82400 0.00000
v 157.09643 92.82400 3.00000
v 158.09974 17.51658 0.00000
v 158.09974 17.51658 3.00000
v 158.09974 32.48342 0.00000
v 158.09974 32.48342 3.00000
v 158.09974 47.51658 0.00000
v 158.09974 47.51658 3.00000
v 158.09974 62.48342 0.00000
v 158.09974 62.48342 3.00000
v 158.09974 77.51658 0.00000
v 158.09974 77.51658 3.00000
v 158.09974 92.48342 0.00000
v 158.09974 92.48342 3.00000
v 159.05000 17.98519 0.00000
v 159.05000 17.98519 3.00000
v 159.05000 32.01481 0.00000
v 159.05000 32.01481 3.00000
v 159.05000 47.98519 0.00000
v 159.05000 47.98519 3.00000
v 159.05000 62.01481 0.00000
v 159.05000 62.01481 3.00000
v 159.05000 77.98519 0.00000
v 159.05000 77.98519 3.00000
v 159.05000 92.01481 0.00000
v 159.05000 92.01481 3.00000
v 159.93097 18.57384 0.00000
v 159.93097 18.57384 3.00000
v 159.93097 31.42616 0.00000
v 159.93097 31.42616 3.00000
v 159.93097 48.57384 0.00000
v 159.93097 48.57384 3.00000
v 159.93097 61.42616 0.00000
v 159.93097 61.42616 3.00000
v 159.93097 78.57384 0.00000
v 159.93097 78.57384 3.00000
v 159.93097 91.42616 0.00000
v 159.93097 91.42616 3.00000
v 160.72756 19.27244 0.00000
v 160.72756 19.27244 3.00000
v 160.72756 30.72756 0.00000
v 160.72756 30.72756 3.00000
v 160.72756 49.27244 0.00000
v 160.72756 49.27244 3.00000
v 160.72756 60.72756 0.00000
v 160.72756 60.72756 3.00000
v 160.72756 79.27244 0.00000
v 160.72756 79.27244 3.00000
v 160.72756 90.72756 0.00000
v 160.72756 90.72756 3.00000
v 160.90000 116.50000 0.00000
v 160.90000 116.50000 3.00000
v 160.90000 147.50000 0.00000
v 160.90000 147.50000 3.00000
v 160.91369 116.29116 0.00000
v 160.91369 116.29116 3.00000
v 160.91369 116.70884 0.00000
v 160.91369 116.70884 3.00000
v 160.91369 147.29116 0.00000
v 160.91369 147.29116 3.00000
v 160.91369 147.70884 0.00000
v 160.91369 147.70884 3.00000
v 160.95452 116.08589 0.00000
v 160.95452 116.08589 3.00000
v 160.95452 116.91411 0.00000
v 160.95452 116.91411 3.00000
v 160.95452 147.08589 0.00000
v 160.95452 147.08589 3.00000
v 160.95452 147.91411 0.00000
v 160.95452 147.91411 3.00000
v 161.00000 119.50000 0.00000
v 161.00000 119.50000 3.00000
v 161.00000 144.50000 0.00000
v 161.00000 144.50000 3.00000
v 161.02179 115.88771 0.00000
v 161.02179 115.88771 3.00000
v 161.02179 117.11229 0.00000
v 161.02179 117.11229 3.00000
v 161.02179 146.88771 0.00000
v 161.02179 146.88771 3.00000
v 161.02179 148.11229 0.00000
v 161.02179 148.11229 3.00000
v 161.11436 115.70000 0.00000
v 161.11436 115.70000 3.00000
v 161.11436 117.30000 0.00000
v 161.11436 117.30000 3.00000
v 161.11436 146.70000 0.00000
v 161.11436 146.70000 3.00000
v 161.11436 148.30000 0.00000
v 161.11436 148.30000 3.00000
v 161.23063 115.52598 0.00000
v 161.23063 115.52598 3.00000
v 161.23063 117.47402 0.00000
v 161.23063 117.47402 3.00000
v 161.23063 146.52598 0.00000
v 161.23063 146.52598 3.00000
v 161.23063 148.47402 0.00000
v 161.23063 148.47402 3.00000
v 161.36863 115.36863 0.00000
v 161.36863 115.36863 3.00000
v 161.36863 117.63137 0.00000
v 161.36863 117.63137 3.00000
v 161.36863 146.36863 0.00000
v 161.36863 146.36863 3.00000
v 161.36863 148.63137 0.00000
v 161.36863 148.63137 3.00000
v 161.42616 20.06903 0.00000
v 161.42616 20.06903 3.00000
v 161.42616 29.93097 0.00000
v 161.42616 29.93097 3.00000
v 161.42616 50.06903 0.00000
v 161.42616 50.06903 3.00000
v 161.42616 59.93097 0.00000
v 161.42616 59.93097 3.00000
v 161.42616 80.06903 0.00000
v 161.42616 80.06903 3.00000
v 161.42616 89.93097 0.00000
v 161.42616 89.93097 3.00000
v 161.52598 115.23063 0.00000
v 161.52598 115.23063 3.00000
v 161.52598 117.76937 0.00000
v 161.52598 117.76937 3.00000
v 161.52598 146.23063 0.00000
v 161.52598 146.23063 3.00000
v 161.52598 148.76937 0.00000
v 161.52598 148.76937 3.00000
v 161.70000 115.11436 0.00000
v 161.70000 115.11436 3.00000
v 161.70000 117.88564 0.00000
v 161.70000 117.88564 3.00000
v 161.70000 146.11436 0.00000
v 161.70000 146.11436 3.00000
v 161.70000 148.88564 0.00000
v 161.70000 148.88564 3.00000
v 161.88771 115.02179 0.00000
v 161.88771 115.02179 3.00000
v 161.88771 117.97821 0.00000
v 161.88771 117.97821 3.00000
v 161.88771 146.02179 0.00000
v 161.88771 146.02179 3.00000
v 161.88771 148.97821 0.00000
v 161.88771 148.97821 3.00000
v 162.01481 20.95000 0.00000
v 162.01481 20.95000 3.00000
v 162.01481 29.05000 0.00000
v 162.01481 29.05000 3.00000
v 162.01481 50.95000 0.00000
v 162.01481 50.95000 3.00000
v 162.01481 59.05000 0.00000
v 162.01481 59.05000 3.00000
v 162.01481 80.95000 0.00000
v 162.01481 80.95000 3.00000
v 162.01481 89.05000 0.00000
v 162.01481 89.05000 3.00000
v 162.08589 114.95452 0.00000
v 162.08589 114.95452 3.00000
v 162.08589 118.04548 0.00000
v 162.08589 118.04548 3.00000
v 162.08589 145.95452 0.00000
v 162.08589 145.95452 3.00000
v 162.08589 149.04548 0.00000
v 162.08589 149.04548 3.00000
v 162.29116 114.91369 0.00000
v 162.29116 114.91369 3.00000
v 162.29116 118.08631 0.00000
v 162.29116 118.08631 3.00000
v 162.29116 145.91369 0.00000
v 162.29116 145.91369 3.00000
v 162.29116 149.08631 0.00000
v 162.29116 149.08631 3.00000
v 162.48342 21.90026 0.00000
v 162.48342 21.90026 3.00000
v 162.48342 28.09974 0.00000
v 162.48342 28.09974 3.00000
v 162.48342 51.90026 0.00000
v 162.48342 51.90026 3.00000
v 162.48342 58.09974 0.00000
v 162.48342 58.09974 3.00000
v 162.48342 81.90026 0.00000
v 162.48342 81.90026 3.00000
v 162.48342 88.09974 0.00000
v 162.48342 88.09974 3.00000
v 162.50000 114.90000 0.00000
v 162.50000 114.90000 3.00000
v 162.50000 118.10000 0.00000
v 162.50000 118.10000 3.00000
v 162.50000 145.90000 0.00000
v 162.50000 145.90000 3.00000
v 162.50000 149.10000 0.00000
v 162.50000 149.10000 3.00000
v 162.70884 114.91369 0.00000
v 162.70884 114.91369 3.00000
v 162.70884 118.08631 0.00000
v 162.70884 118.08631 3.00000
v 162.70884 145.91369 0.00000
v 162.70884 145.91369 3.00000
v 162.70884 149.08631 0.00000
v 162.70884 149.08631 3.00000
v 162.82400 22.90357 0.00000
v 162.82400 22.90357 3.00000
v 162.82400 27.09643 0.00000
v 162.82400 27.09643 3.00000
v 162.82400 52.90357 0.00000
v 162.82400 52.90357 3.00000
v 162.82400 57.09643 0.00000
v 162.82400 57.09643 3.00000
v 162.82400 82.90357 0.00000
v 162.82400 82.90357 3.00000
v 162.82400 87.09643 0.00000
v 162.82400 87.09643 3.00000
v 162.91411 114.95452 0.00000
v 162.91411 114.95452 3.00000
v 162.91411 118.04548 0.00000
v 162.91411 118.04548 3.00000
v 162.91411 145.95452 0.00000
v 162.91411 145.95452 3.00000
v 162.91411 149.04548 0.00000
v 162.91411 149.04548 3.00000
v 163.03070 23.94274 0.00000
v 163.03070 23.94274 3.00000
v 163.03070 26.05726 0.00000
v 163.03070 26.05726 3.00000
v 163.03070 53.94274 0.00000
v 163.03070 53.94274 3.00000
v 163.03070 56.05726 0.00000
v 163.03070 56.05726 3.00000
v 163.03070 83.94274 0.00000
v 163.03070 83.94274 3.00000
v 163.03070 86.05726 0.00000
v 163.03070 86.05726 3.00000
v 163.10000 25.00000 0.00000
v 163.10000 25.00000 3.00000
v 163.10000 55.00000 0.00000
v 163.10000 55.00000 3.00000
v 163.10000 85.00000 0.00000
v 163.10000 85.00000 3.00000
v 163.11229 115.02179 0.00000
v 163.11229 115.02179 3.00000
v 163.11229 117.97821 0.00000
v 163.11229 117.97821 3.00000
v 163.11229 146.02179 0.00000
v 163.11229 146.02179 3.00000
v 163.11229 148.97821 0.00000
v 163.11229 148.97821 3.00000
v 163.30000 115.11436 0.00000
v 163.30000 115.11436 3.00000
v 163.30000 117.88564 0.00000
v 163.30000 117.88564 3.00000
v 163.30000 146.11436 0.00000
v 163.30000 146.11436 3.00000
v 163.30000 148.88564 0.00000
v 163.30000 148.88564 3.00000
v 163.47402 115.23063 0.00000
v 163.47402 115.23063 3.00000
v 163.47402 117.76937 0.00000
v 163.47402 117.76937 3.00000
v 163.47402 146.23063 0.00000
v 163.47402 146.23063 3.00000
v 163.47402 148.76937 0.00000
v 163.47402 148.76937 3.00000
v 163.63137 115.36863 0.00000
v 163.63137 115.36863 3.00000
v 163.63137 117.63137 0.00000
v 163.63137 117.63137 3.00000
v 163.63137 146.36863 0.00000
v 163.63137 146.36863 3.00000
v 163.63137 148.63137 0.00000
v 163.63137 148.63137 3.00000
v 163.76937 115.52598 0.00000
v 163.76937 115.52598 3.00000
v 163.76937 117.47402 0.00000
v 163.76937 117.47402 3.00000
v 163.76937 146.52598 0.00000
v 163.76937 146.52598 3.00000
v 163.76937 148.47402 0.00000
v 163.76937 148.47402 3.00000
v 163.88564 115.70000 0.00000
v 163.88564 115.70000 3.00000
v 163.88564 117.30000 0.00000
v 163.88564 117.30000 3.00000
v 163.88564 146.70000 0.00000
v 163.88564 146.70000 3.00000
v 163.88564 148.30000 0.00000
v 163.88564 148.30000 3.00000
v 163.97821 115.88771 0.00000
v 163.97821 115.88771 3.00000
v 163.97821 117.11229 0.00000
v 163.97821 117.11229 3.00000
v 163.97821 146.88771 0.00000
v 163.97821 146.88771 3.00000
v 163.97821 148.11229 0.00000
v 163.97821 148.11229 3.00000
v 164.04548 116.08589 0.00000
v 164.04548 116.08589 3.00000
v 164.04548 116.91411 0.00000
v 164.04548 116.91411 3.00000
v 164.04548 147.08589 0.00000
v 164.04548 147.08589 3.00000
v 164.04548 147.91411 0.00000
v 164.04548 147.91411 3.00000
v 164.08631 116.29116 0.00000
v 164.08631 116.29116 3.00000
v 164.08631 116.70884 0.00000
v 164.08631 116.70884 3.00000
v 164.08631 147.29116 0.00000
v 164.08631 147.29116 3.00000
v 164.08631 147.70884 0.00000
v 164.08631 147.70884 3.00000
v 164.10000 116.50000 0.00000
v 164.10000 116.50000 3.00000
v 164.10000 147.50000 0.00000
v 164.10000 147.50000 3.00000
v 196.90000 25.00000 0.00000
v 196.90000 25.00000 3.00000
v 196.90000 55.00000 0.00000
v 196.90000 55.00000 3.00000
v 196.90000 85.00000 0.00000
v 196.90000 85.00000 3.00000
v 196.96930 23.94274 0.00000
v 196.96930 23.94274 3.00000
v 196.96930 26.05726 0.00000
v 196.96930 26.05726 3.00000
v 196.96930 53.94274 0.00000
v 196.96930 53.94274 3.00000
v 196.96930 56.05726 0.00000
v 196.96930 56.05726 3.00000
v 196.96930 83.94274 0.00000
v 196.96930 83.94274 3.00000
v 196.96930 86.05726 0.00000
v 196.96930 86.05726 3.00000
v 197.17600 22.90357 0.00000
v 197.17600 22.90357 3.00000
v 197.17600 27.09643 0.00000
v 197.17600 27.09643 3.00000
v 197.17600 52.90357 0.00000
v 197.17600 52.90357 3.00000
v 197.17600 57.09643 0.00000
v 197.17600 57.09643 3.00000
v 197.17600 82.90357 0.00000
v 197.17600 82.90357 3.00000
v 197.17600 87.09643 0.00000
v 197.17600 87.09643 3.00000
v 197.51658 21.90026 0.00000
v 197.51658 21.90026 3.00000
v 197.51658 28.09974 0.00000
v 197.51658 28.09974 3.00000
v 197.51658 51.90026 0.00000
v 197.51658 51.90026 3.00000
v 197.51658 58.09974 0.00000
v 197.51658 58.09974 3.00000
v 197.51658 81.90026 0.00000
v 197.51658 81.90026 3.00000
v 197.51658 88.09974 0.00000
v 197.51658 88.09974 3.00000
v 197.98519 20.95000 0.00000
v 197.98519 20.95000 3.00000
v 197.98519 29.05000 0.00000
v 197.98519 29.05000 3.00000
v 197.98519 50.95000 0.00000
v 197.98519 50.95000 3.00000
v 197.98519 59.05000 0.00000
v 197.98519 59.05000 3.00000
v 197.98519 80.95000 0.00000
v 197.98519 80.95000 3.00000
v 197.98519 89.05000 0.00000
v 197.98519 89.05000 3.00000
v 198.57384 20.06903 0.00000
v 198.57384 20.06903 3.00000
v 198.57384 29.93097 0.00000
v 198.57384 29.93097 3.00000
v 198.57384 50.06903 0.00000
v 198.57384 50.06903 3.00000
v 198.57384 59.93097 0.00000
v 198.57384 59.93097 3.00000
v 198.57384 80.06903 0.00000
v 198.57384 80.06903 3.00000
v 198.57384 89.93097 0.00000
v 198.57384 89.93097 3.00000
v 199.27244 19.27244 0.00000
v 199.27244 19.27244 3.00000
v 199.27244 30.72756 0.00000
v 199.27244 30.72756 3.00000
v 199.27244 49.27244 0.00000
v 199.27244 49.27244 3.00000
v 199.27244 60.72756 0.00000
v 199.27244 60.72756 3.00000
v 199.27244 79.27244 0.00000
v 199.27244 79.27244 3.00000
v 199.27244 90.72756 0.00000
v 199.27244 90.72756 3.00000
v 200.06903 18.57384 0.00000
v 200.06903 18.57384 3.00000
v 200.06903 31.42616 0.00000
v 200.06903 31.42616 3.00000
v 200.06903 48.57384 0.00000
v 200.06903 48.57384 3.00000
v 200.06903 61.42616 0.00000
v 200.06903 61.42616 3.00000
v 200.06903 78.57384 0.00000
v 200.06903 78.57384 3.00000
v 200.06903 91.42616 0.00000
v 200.06903 91.42616 3.00000
v 200.95000 17.98519 0.00000
v 200.95000 17.98519 3.00000
v 200.95000 32.01481 0.00000
v 200.95000 32.01481 3.00000
v 200.95000 47.98519 0.00000
v 200.95000 47.98519 3.00000
v 200.95000 62.01481 0.00000
v 200.95000 62.01481 3.00000
v 200.95000 77.98519 0.00000
v 200.95000 77.98519 3.00000
v 200.95000 92.01481 0.00000
v 200.95000 92.01481 3.00000
v 201.90026 17.51658 0.00000
v 201.90026 17.51658 3.00000
v 201.90026 32.48342 0.00000
v 201.90026 32.48342 3.00000
v 201.90026 47.51658 0.00000
v 201.90026 47.51658 3.00000
v 201.90026 62.48342 0.00000
v 201.90026 62.48342 3.00000
v 201.90026 77.51658 0.00000
v 201.90026 77.51658 3.00000
v 201.90026 92.48342 0.00000
v 201.90026 92.48342 3.00000
v 202.90357 17.17600 0.00000
v 202.90357 17.17600 3.00000
v 202.90357 32.82400 0.00000
v 202.90357 32.82400 3.00000
v 202.90357 47.17600 0.00000
v 202.90357 47.17600 3.00000
v 202.90357 62.82400 0.00000
v 202.90357 62.82400 3.00000
v 202.90357 77.17600 0.00000
v 202.90357 77.17600 3.00000
v 202.90357 92.82400 0.00000
v 202.90357 92.82400 3.00000
v 203.94274 16.96930 0.00000
v 203.94274 16.96930 3.00000
v 203.94274 33.03070 0.00000
v 203.94274 33.03070 3.00000
v 203.94274 46.96930 0.00000
v 203.94274 46.96930 3.00000
v 203.94274 63.03070 0.00000
v 203.94274 63.03070 3.00000
v 203.94274 76.96930 0.00000
v 203.94274 76.96930 3.00000
v 203.94274 93.03070 0.00000
v 203.94274 93.03070 3.00000
v 205.00000 16.90000 0.00000
v 205.00000 16.90000 3.00000
v 205.00000 33.10000 0.00000
v 205.00000 33.10000 3.00000
v 205.00000 46.90000 0.00000
v 205.00000 46.90000 3.00000
v 205.00000 63.10000 0.00000
v 205.00000 63.10000 3.00000
v 205.00000 76.90000 0.00000
v 205.00000 76.90000 3.00000
v 205.00000 93.10000 0.00000
v 205.00000 93.10000 3.00000
v 206.05726 16.96930 0.00000
v 206.05726 16.96930 3.00000
v 206.05726 33.03070 0.00000
v 206.05726 33.03070 3.00000
v 206.05726 46.96930 0.00000
v 206.05726 46.96930 3.00000
v 206.05726 63.03070 0.00000
v 206.05726 63.03070 3.00000
v 206.05726 76.96930 0.00000
v 206.05726 76.96930 3.00000
v 206.05726 93.03070 0.00000
v 206.05726 93.03070 3.00000
v 206.90000 118.00000 0.00000
v 206.90000 118.00000 3.00000
v 206.90000 144.00000 0.00000
v 206.90000 144.00000 3.00000
v 206.96930 116.94274 0.00000
v 206.96930 116.94274 3.00000
v 206.96930 119.05726 0.00000
v 206.96930 119.05726 3.00000
v 206.96930 142.94274 0.00000
v 206.96930 142.94274 3.00000
v 206.96930 145.05726 0.00000
v 206.96930 145.05726 3.00000
v 207.09643 17.17600 0.00000
v 207.09643 17.17600 3.00000
v 207.09643 32.82400 0.00000
v 207.09643 32.82400 3.00000
v 207.09643 47.17600 0.00000
v 207.09643 47.17600 3.00000
v 207.09643 62.82400 0.00000
v 207.09643 62.82400 3.00000
v 207.09643 77.17600 0.00000
v 207.09643 77.17600 3.00000
v 207.09643 92.82400 0.00000
v 207.09643 92.82400 3.00000
v 207.17600 115.90357 0.00000
v 207.17600 115.90357 3.00000
v 207.17600 120.09643 0.00000
v 207.17600 120.09643 3.00000
v 207.17600 141.90357 0.00000
v 207.17600 141.90357 3.00000
v 207.17600 146.09643 0.00000
v 207.17600 146.09643 3.00000
v 207.51658 114.90026 0.00000
v 207.51658 114.90026 3.00000
v 207.51658 121.09974 0.00000
v 207.51658 121.09974 3.00000
v 207.51658 140.90026 0.00000
v 207.51658 140.90026 3.00000
v 207.51658 147.09974 0.00000
v 207.51658 147.09974 3.00000
v 207.98519 113.95000 0.00000
v 207.98519 113.95000 3.00000
v 207.98519 122.05000 0.00000
v 207.98519 122.05000 3.00000
v 207.98519 139.95000 0.00000
v 207.98519 139.95000 3.00000
v 207.98519 148.05000 0.00000
v 207.98519 148.05000 3.00000
v 208.09974 17.51658 0.00000
v 208.09974 17.51658 3.00000
v 208.09974 32.48342 0.00000
v 208.09974 32.48342 3.00000
v 208.09974 47.51658 0.00000
v 208.09974 47.51658 3.00000
v 208.09974 62.48342 0.00000
v 208.09974 62.48342 3.00000
v 208.09974 77.51658 0.00000
v 208.09974 77.51658 3.00000
v 208.09974 92.48342 0.00000
v 208.09974 92.48342 3.00000
v 208.57384 113.06903 0.00000
v 208.57384 113.06903 3.00000
v 208.57384 122.93097 0.00000
v 208.57384 122.93097 3.00000
v 208.57384 139.06903 0.00000
v 208.57384 139.06903 3.00000
v 208.57384 148.93097 0.00000
v 208.57384 148.93097 3.00000
v 209.05000 17.98519 0.00000
v 209.05000 17.98519 3.00000
v 209.05000 32.01481 0.00000
v 209.05000 32.01481 3.00000
v 209.05000 47.98519 0.00000
v 209.05000 47.98519 3.00000
v 209.05000 62.01481 0.00000
v 209.05000 62.01481 3.00000
v 209.05000 77.98519 0.00000
v 209.05000 77.98519 3.00000
v 209.05000 92.01481 0.00000
v 209.05000 92.01481 3.00000
v 209.27244 112.27244 0.00000
v 209.27244 112.27244 3.00000
v 209.27244 123.72756 0.00000
v 209.27244 123.72756 3.00000
v 209.27244 138.27244 0.00000
v 209.27244 138.27244 3.00000
v 209.27244 149.72756 0.00000
v 209.27244 149.72756 3.00000
v 209.93097 18.57384 0.00000
v 209.93097 18.57384 3.00000
v 209.93097 31.42616 0.00000
v 209.93097 31.42616 3.00000
v 209.93097 48.57384 0.00000
v 209.93097 48.57384 3.00000
v 209.93097 61.42616 0.00000
v 209.93097 61.42616 3.00000
v 209.93097 78.57384 0.00000
v 209.93097 78.57384 3.00000
v 209.93097 91.42616 0.00000
v 209.93097 91.42616 3.00000
v 210.06903 111.57384 0.00000
v 210.06903 111.57384 3.00000
v 210.06903 124.42616 0.00000
v 210.06903 124.42616 3.00000
v 210.06903 137.57384 0.00000
v 210.06903 137.57384 3.00000
v 210.06903 150.42616 0.00000
v 210.06903 150.42616 3.00000
v 210.72756 19.27244 0.00000
v 210.72756 19.27244 3.00000
v 210.72756 30.72756 0.00000
v 210.72756 30.72756 3.00000
v 210.72756 49.27244 0.00000
v 210.72756 49.27244 3.00000
v 210.72756 60.72756 0.00000
v 210.72756 60.72756 3.00000
v 210.72756 79.27244 0.00000
v 210.72756 79.27244 3.00000
v 210.72756 90.72756 0.00000
v 210.72756 90.72756 3.00000
v 210.95000 110.98519 0.00000
v 210.95000 110.98519 3.00000
v 210.95000 125.01481 0.00000
v 210.95000 125.01481 3.00000
v 210.95000 136.98519 0.00000
v 210.95000 136.98519 3.00000
v 210.95000 151.01481 0.00000
v 210.95000 151.01481 3.00000
v 211.42616 20.06903 0.00000
v 211.42616 20.06903 3.00000
v 211.42616 29.93097 0.00000
v 211.42616 29.93097 3.00000
v 211.42616 50.06903 0.00000
v 211.42616 50.06903 3.00000
v 211.42616 59.93097 0.00000
v 211.42616 59.93097 3.00000
v 211.42616 80.06903 0.00000
v 211.42616 80.06903 3.00000
v 211.42616 89.93097 0.00000
v 211.42616 89.93097 3.00000
v 211.90026 110.51658 0.00000
v 211.90026 110.51658 3.00000
v 211.90026 125.48342 0.00000
v 211.90026 125.48342 3.00000
v 211.90026 136.51658 0.00000
v 211.90026 136.51658 3.00000
v 211.90026 151.48342 0.00000
v 211.90026 151.48342 3.00000
v 212.01481 20.95000 0.00000
v 212.01481 20.95000 3.00000
v 212.01481 29.05000 0.00000
v 212.01481 29.05000 3.00000
v 212.01481 50.95000 0.00000
v 212.01481 50.95000 3.00000
v 212.01481 59.05000 0.00000
v 212.01481 59.05000 3.00000
v 212.01481 80.95000 0.00000
v 212.01481 80.95000 3.00000
v 212.01481 89.05000 0.00000
v 212.01481 89.05000 3.00000
v 212.48342 21.90026 0.00000
v 212.48342 21.90026 3.00000
v 212.48342 28.09974 0.00000
v 212.48342 28.09974 3.00000
v 212.48342 51.90026 0.00000
v 212.48342 51.90026 3.00000
v 212.48342 58.09974 0.00000
v 212.48342 58.09974 3.00000
v 212.48342 81.90026 0.00000
v 212.48342 81.90026 3.00000
v 212.48342 88.09974 0.00000
v 212.48342 88.09974 3.00000
v 212.82400 22.90357 0.00000
v 212.82400 22.90357 3.00000
v 212.82400 27.09643 0.00000
v 212.82400 27.09643 3.00000
v 212.82400 52.90357 0.00000
v 212.82400 52.90357 3.00000
v 212.82400 57.09643 0.00000
v 212.82400 57.09643 3.00000
v 212.82400 82.90357 0.00000
v 212.82400 82.90357 3.00000
v 212.82400 87.09643 0.00000
v 212.82400 87.09643 3.00000
v 212.90357 110.17600 0.00000
v 212.90357 110.17600 3.00000
v 212.90357 125.82400 0.00000
v 212.90357 125.82400 3.00000
v 212.90357 136.17600 0.00000
v 212.90357 136.17600 3.00000
v 212.90357 151.82400 0.00000
v 212.90357 151.82400 3.00000
v 213.03070 23.94274 0.00000
v 213.03070 23.94274 3.00000
v 213.03070 26.05726 0.00000
v 213.03070 26.05726 3.00000
v 213.03070 53.94274 0.00000
v 213.03070 53.94274 3.00000
v 213.03070 56.05726 0.00000
v 213.03070 56.05726 3.00000
v 213.03070 83.94274 0.00000
v 213.03070 83.94274 3.00000
v 213.03070 86.05726 0.00000
v 213.03070 86.05726 3.00000
v 213.10000 25.00000 0.00000
v 213.10000 25.00000 3.00000
v 213.10000 55.00000 0.00000
v 213.10000 55.00000 3.00000
v 213.10000 85.00000 0.00000
v 213.10000 85.00000 3.00000
v 213.94274 109.96930 0.00000
v 213.94274 109.96930 3.00000
v 213.94274 126.03070 0.00000
v 213.94274 126.03070 3.00000
v 213.94274 135.96930 0.00000
v 213.94274 135.96930 3.00000
v 213.94274 152.03070 0.00000
v 213.94274 152.03070 3.00000
v 215.00000 109.90000 0.00000
v 215.00000 109.90000 3.00000
v 215.00000 126.10000 0.00000
v 215.00000 126.10000 3.00000
v 215.00000 135.90000 0.00000
v 215.00000 135.90000 3.00000
v 215.00000 152.10000 0.00000
v 215.00000 152.10000 3.00000
v 216.05726 109.96930 0.00000
v 216.05726 109.96930 3.00000
v 216.05726 126.03070 0.00000
v 216.05726 126.03070 3.00000
v 216.05726 135.96930 0.00000
v 216.05726 135.96930 3.00000
v 216.05726 152.03070 0.00000
v 216.05726 152.03070 3.00000
v 217.09643 110.17600 0.00000
v 217.09643 110.17600 3.00000
v 217.09643 125.82400 0.00000
v 217.09643 125.82400 3.00000
v 217.09643 136.17600 0.00000
v 217.09643 136.17600 3.00000
v 217.09643 151.82400 0.00000
v 217.09643 151.82400 3.00000
v 218.09974 110.51658 0.00000
v 218.09974 110.51658 3.00000
v 218.09974 125.48342 0.00000
v 218.09974 125.48342 3.00000
v 218.09974 136.51658 0.00000
v 218.09974 136.51658 3.00000
v 218.09974 151.48342 0.00000
v 218.09974 151.48342 3.00000
v 219.05000 110.98519 0.00000
v 219.05000 110.98519 3.00000
v 219.05000 125.01481 0.00000
v 219.05000 125.01481 3.00000
v 219.05000 136.98519 0.00000
v 219.05000 136.98519 3.00000
v 219.05000 151.01481 0.00000
v 219.05000 151.01481 3.00000
v 219.93097 111.57384 0.00000
v 219.93097 111.57384 3.00000
v 219.93097 124.42616 0.00000
v 219.93097 124.42616 3.00000
v 219.93097 137.57384 0.00000
v 219.93097 137.57384 3.00000
v 219.93097 150.42616 0.00000
v 219.93097 150.42616 3.00000
v 220.72756 112.27244 0.00000
v 220.72756 112.27244 3.00000
v 220.72756 123.72756 0.00000
v 220.72756 123.72756 3.00000
v 220.72756 138.27244 0.00000
v 220.72756 138.27244 3.00000
v 220.72756 149.72756 0.00000
v 220.72756 149.72756 3.00000
v 221.42616 113.06903 0.00000
v 221.42616 113.06903 3.00000
v 221.42616 122.93097 0.00000
v 221.42616 122.93097 3.00000
v 221.42616 139.06903 0.00000
v 221.42616 139.06903 3.00000
v 221.42616 148.93097 0.00000
v 221.42616 148.93097 3.00000
v 222.01481 113.95000 0.00000
v 222.01481 113.95000 3.00000
v 222.01481 122.05000 0.00000
v 222.01481 122.05000 3.00000
v 222.01481 139.95000 0.00000
v 222.01481 139.95000 3.00000
v 222.01481 148.05000 0.00000
v 222.01481 148.05000 3.00000
v 222.48342 114.90026 0.00000
v 222.48342 114.90026 3.00000
v 222.48342 121.09974 0.00000
v 222.48342 121.09974 3.00000
v 222.48342 140.90026 0.00000
v 222.48342 140.90026 3.00000
v 222.48342 147.09974 0.00000
v 222.48342 147.09974 3.00000
v 222.82400 115.90357 0.00000
v 222.82400 115.90357 3.00000
v 222.82400 120.09643 0.00000
v 222.82400 120.09643 3.00000
v 222.82400 141.90357 0.00000
v 222.82400 141.90357 3.00000
v 222.82400 146.09643 0.00000
v 222.82400 146.09643 3.00000
v 223.03070 116.94274 0.00000
v 223.03070 116.94274 3.00000
v 223.03070 119.05726 0.00000
v 223.03070 119.05726 3.00000
v 223.03070 142.94274 0.00000
v 223.03070 142.94274 3.00000
v 223.03070 145.05726 0.00000
v 223.03070 145.05726 3.00000
v 223.10000 118.00000 0.00000
v 223.10000 118.00000 3.00000
v 223.10000 144.00000 0.00000
v 223.10000 144.00000 3.00000
v 239.75000 8.00000 0.00000
v 239.75000 8.00000 3.00000
v 239.75000 172.00000 0.00000
v 239.75000 172.00000 3.00000
v 239.76925 7.70632 0.00000
v 239.76925 7.70632 3.00000
v 239.76925 8.29368 0.00000
v 239.76925 8.29368 3.00000
v 239.76925 171.70632 0.00000
v 239.76925 171.70632 3.00000
v 239.76925 172.29368 0.00000
v 239.76925 172.29368 3.00000
v 239.82667 7.41766 0.00000
v 239.82667 7.41766 3.00000
v 239.82667 8.58234 0.00000
v 239.82667 8.58234 3.00000
v 239.82667 171.41766 0.00000
v 239.82667 171.41766 3.00000
v 239.82667 172.58234 0.00000
v 239.82667 172.58234 3.00000
v 239.92127 7.13896 0.00000
v 239.92127 7.13896 3.00000
v 239.92127 8.86104 0.00000
v 239.92127 8.86104 3.00000
v 239.92127 171.13896 0.00000
v 239.92127 171.13896 3.00000
v 239.92127 172.86104 0.00000
v 239.92127 172.86104 3.00000
v 240.05144 6.87500 0.00000
v 240.05144 6.87500 3.00000
v 240.05144 9.12500 0.00000
v 240.05144 9.12500 3.00000
v 240.05144 170.87500 0.00000
v 240.05144 170.87500 3.00000
v 240.05144 173.12500 0.00000
v 240.05144 173.12500 3.00000
v 240.21495 6.63029 0.00000
v 240.21495 6.63029 3.00000
v 240.21495 9.36971 0.00000
v 240.21495 9.36971 3.00000
v 240.21495 170.63029 0.00000
v 240.21495 170.63029 3.00000
v 240.21495 173.36971 0.00000
v 240.21495 173.36971 3.00000
v 240.40901 6.40901 0.00000
v 240.40901 6.40901 3.00000
v 240.40901 9.59099 0.00000
v 240.40901 9.59099 3.00000
v 240.40901 170.40901 0.00000
v 240.40901 170.40901 3.00000
v 240.40901 173.59099 0.00000
v 240.40901 173.59099 3.00000
v 240.63029 6.21495 0.00000
v 240.63029 6.21495 3.00000
v 240.63029 9.78505 0.00000
v 240.63029 9.78505 3.00000
v 240.63029 170.21495 0.00000
v 240.63029 170.21495 3.00000
v 240.63029 173.78505 0.00000
v 240.63029 173.78505 3.00000
v 240.87500 6.05144 0.00000
v 240.87500 6.05144 3.00000
v 240.87500 9.94856 0.00000
v 240.87500 9.94856 3.00000
v 240.87500 170.05144 0.00000
v 240.87500 170.05144 3.00000
v 240.87500 173.94856 0.00000
v 240.87500 173.94856 3.00000
v 241.13896 5.92127 0.00000
v 241.13896 5.92127 3.00000
v 241.13896 10.07873 0.00000
v 241.13896 10.07873 3.00000
v 241.13896 169.92127 0.00000
v 241.13896 169.92127 3.00000
v 241.13896 174.07873 0.00000
v 241.13896 174.07873 3.00000
v 241.41766 5.82667 0.00000
v 241.41766 5.82667 3.00000
v 241.41766 10.17333 0.00000
v 241.41766 10.17333 3.00000
v 241.41766 169.82667 0.00000
v 241.41766 169.82667 3.00000
v 241.41766 174.17333 0.00000
v 241.41766 174.17333 3.00000
v 241.70632 5.76925 0.00000
v 241.70632 5.76925 3.00000
v 241.70632 10.23075 0.00000
v 241.70632 10.23075 3.00000
v 241.70632 169.76925 0.00000
v 241.70632 169.76925 3.00000
v 241.70632 174.23075 0.00000
v 241.70632 174.23075 3.00000
v 242.00000 0.00000 0.00000
v 242.00000 0.00000 3.00000
v 242.00000 5.75000 0.00000
v 242.00000 5.75000 3.00000
v 242.00000 10.25000 0.00000
v 242.00000 10.25000 3.00000
v 242.00000 169.75000 0.00000
v 242.00000 169.75000 3.00000
v 242.00000 174.25000 0.00000
v 242.00000 174.25000 3.00000
v 242.00000 180.00000 0.00000
v 242.00000 180.00000 3.00000
v 242.29368 5.76925 0.00000
v 242.29368 5.76925 3.00000
v 242.29368 10.23075 0.00000
v 242.29368 10.23075 3.00000
v 242.29368 169.76925 0.00000
v 242.29368 169.76925 3.00000
v 242.29368 174.23075 0.00000
v 242.29368 174.23075 3.00000
v 242.58234 5.82667 0.00000
v 242.58234 5.82667 3.00000
v 242.58234 10.17333 0.00000
v 242.58234 10.17333 3.00000
v 242.58234 169.82667 0.00000
v 242.58234 169.82667 3.00000
v 242.58234 174.17333 0.00000
v 242.58234 174.17333 3.00000
v 242.78414 0.03852 0.00000
v 242.78414 0.03852 3.00000
v 242.78414 179.96148 0.00000
v 242.78414 179.96148 3.00000
v 242.86104 5.92127 0.00000
v 242.86104 5.92127 3.00000
v 242.86104 10.07873 0.00000
v 242.86104 10.07873 3.00000
v 242.86104 169.92127 0.00000
v 242.86104 169.92127 3.00000
v 242.86104 174.07873 0.00000
v 242.86104 174.07873 3.00000
v 243.12500 6.05144 0.00000
v 243.12500 6.05144 3.00000
v 243.12500 9.94856 0.00000
v 243.12500 9.94856 3.00000
v 243.12500 170.05144 0.00000
v 243.12500 170.05144 3.00000
v 243.12500 173.94856 0.00000
v 243.12500 173.94856 3.00000
v 243.36971 6.21495 0.00000
v 243.36971 6.21495 3.00000
v 243.36971 9.78505 0.00000
v 243.36971 9.78505 3.00000
v 243.36971 170.21495 0.00000
v 243.36971 170.21495 3.00000
v 243.36971 173.78505 0.00000
v 243.36971 173.78505 3.00000
v 243.56072 0.15372 0.00000
v 243.56072 0.15372 3.00000
v 243.56072 179.84628 0.00000
v 243.56072 179.84628 3.00000
v 243.59099 6.40901 0.00000
v 243.59099 6.40901 3.00000
v 243.59099 9.59099 0.00000
v 243.59099 9.59099 3.00000
v 243.59099 170.40901 0.00000
v 243.59099 170.40901 3.00000
v 243.59099 173.59099 0.00000
v 243.59099 173.59099 3.00000
v 243.78505 6.63029 0.00000
v 243.78505 6.63029 3.00000
v 243.78505 9.36971 0.00000
v 243.78505 9.36971 3.00000
v 243.78505 170.63029 0.00000
v 243.78505 170.63029 3.00000
v 243.78505 173.36971 0.00000
v 243.78505 173.36971 3.00000
v 243.94856 6.87500 0.00000
v 243.94856 6.87500 3.00000
v 243.94856 9.12500 0.00000
v 243.94856 9.12500 3.00000
v 243.94856 170.87500 0.00000
v 243.94856 170.87500 3.00000
v 243.94856 173.12500 0.00000
v 243.94856 173.12500 3.00000
v 244.07873 7.13896 0.00000
v 244.07873 7.13896 3.00000
v 244.07873 8.86104 0.00000
v 244.07873 8.86104 3.00000
v 244.07873 171.13896 0.00000
v 244.07873 171.13896 3.00000
v 244.07873 172.86104 0.00000
v 244.07873 172.86104 3.00000
v 244.17333 7.41766 0.00000
v 244.17333 7.41766 3.00000
v 244.17333 8.58234 0.00000
v 244.17333 8.58234 3.00000
v 244.17333 171.41766 0.00000
v 244.17333 171.41766 3.00000
v 244.17333 172.58234 0.00000
v 244.17333 172.58234 3.00000
v 244.23075 7.70632 0.00000
v 244.23075 7.70632 3.00000
v 244.23075 8.29368 0.00000
v 244.23075 8.29368 3.00000
v 244.23075 171.70632 0.00000
v 244.23075 171.70632 3.00000
v 244.23075 172.29368 0.00000
v 244.23075 172.29368 3.00000
v 244.25000 8.00000 0.00000
v 244.25000 8.00000 3.00000
v 244.25000 172.00000 0.00000
v 244.25000 172.00000 3.00000
v 244.32228 0.34448 0.00000
v 244.32228 0.34448 3.00000
v 244.32228 179.65552 0.00000
v 244.32228 179.65552 3.00000
v 245.06147 0.60896 0.00000
v 245.06147 0.60896 3.00000
v 245.06147 179.39104 0.00000
v 245.06147 179.39104 3.00000
v 245.77117 0.94463 0.00000
v 245.77117 0.94463 3.00000
v 245.77117 179.05537 0.00000
v 245.77117 179.05537 3.00000
v 246.44456 1.34824 0.00000
v 246.44456 1.34824 3.00000
v 246.44456 178.65176 0.00000
v 246.44456 178.65176 3.00000
v 247.07515 1.81592 0.00000
v 247.07515 1.81592 3.00000
v 247.07515 178.18408 0.00000
v 247.07515 178.18408 3.00000
v 247.65685 2.34315 0.00000
v 247.65685 2.34315 3.00000
v 247.65685 177.65685 0.00000
v 247.65685 177.65685 3.00000
v 248.18408 2.92485 0.00000
v 248.18408 2.92485 3.00000
v 248.18408 177.07515 0.00000
v 248.18408 177.07515 3.00000
v 248.65176 3.55544 0.00000
v 248.65176 3.55544 3.00000
v 248.65176 176.44456 0.00000
v 248.65176 176.44456 3.00000
v 249.05537 4.22883 0.00000
v 249.05537 4.22883 3.00000
v 249.05537 175.77117 0.00000
v 249.05537 175.77117 3.00000
v 249.39104 4.93853 0.00000
v 249.39104 4.93853 3.00000
v 249.39104 175.06147 0.00000
v 249.39104 175.06147 3.00000
v 249.65552 5.67772 0.00000
v 249.65552 5.67772 3.00000
v 249.65552 174.32228 0.00000
v 249.65552 174.32228 3.00000
v 249.84628 6.43928 0.00000
v 249.84628 6.43928 3.00000
v 249.84628 173.56072 0.00000
v 249.84628 173.56072 3.00000
v 249.96148 7.21586 0.00000
v 249.96148 7.21586 3.00000
v 249.96148 172.78414 0.00000
v 249.96148 172.78414 3.00000
v 250.00000 8.00000 0.00000
v 250.00000 8.00000 3.00000
v 250.00000 172.00000 0.00000
v 250.00000 172.00000 3.00000
f 259 2199 2191
f 2197 259 2191
f 65 3 59
f 3 263 1
f 415 743 423
f 931 1449 935
f 1455 935 1449
f 749 423 743
f 269 1 263
f 1 267 261
f 1879 1467 1873
f 913 443 435
f 441 741 433
f 927 1447 933
f 1589 1871 1609
f 1875 1609 1871
f 1451 933 1447
f 745 433 741
f 265 1 261
f 1 469 457
f 733 941 739
f 1217 1229 1223
f 1625 1713 1631
f 1723 1631 1713
f 1239 1223 1229
f 951 739 941
f 467 1 457
f 1 465 455
f 729 939 737
f 1213 1227 1221
f 1621 1711 1629
f 1719 1629 1711
f 1235 1221 1227
f 947 737 939
f 463 1 455
f 1 461 453
f 725 937 735
f 1209 1225 1219
f 1617 1709 1627
f 1715 1627 1709
f 1231 1219 1225
f 943 735 937
f 459 1 453
f 1 63 57
f 251 2189 257
f 2193 257 2189
f 61 1 57
f 1 9 5
f 9 17 13
f 17 25 21
f 25 33 29
f 33 41 37
f 41 49 45
f 49 109 53
f 109 157 137
f 157 2309 2281
f 2309 2393 2337
f 2393 2401 2397
f 2401 2409 2405
f 2409 2417 2413
f 2417 2425 2421
f 2425 2433 2429
f 2433 2441 2437
f 2441 2447 2445
f 2447 2439 2443
f 2439 2431 2435
f 2431 2423 2427
f 2423 2415 2419
f 2415 2407 2411
f 2407 2399 2403
f 2399 2339 2395
f 2339 2291 2311
f 2291 139 167
f 139 55 111
f 55 47 51
f 47 39 43
f 39 31 35
f 31 23 27
f 23 15 19
f 15 7 11
f 7 59 3
f 255 2199 259
f 2205 259 2197
f 73 3 65
f 3 271 263
f 407 743 415
f 923 1449 931
f 1463 935 1455
f 757 423 749
f 277 1 269
f 1 275 267
f 427 913 435
f 1899 1467 1879
f 1467 443 913
f 449 741 441
f 919 1447 927
f 1581 1871 1589
f 1895 1609 1875
f 1459 933 1451
f 753 433 745
f 273 1 265
f 1 481 469
f 721 941 733
f 1205 1229 1217
f 1605 1713 1625
f 1735 1631 1723
f 1251 1223 1239
f 963 739 951
f 479 1 467
f 1 477 465
f 717 939 729
f 1201 1227 1213
f 1601 1711 1621
f 1731 1629 1719
f 1247 1221 1235
f 959 737 947
f 475 1 463
f 1 473 461
f 713 937 725
f 1197 1225 1209
f 1597 1709 1617
f 1727 1627 1715
f 1243 1219 1231
f 955 735 943
f 471 1 459
f 1 71 63
f 243 2189 251
f 2201 257 2193
f 69 1 61
f 1 17 9
f 17 33 25
f 33 49 41
f 49 157 109
f 157 2393 2309
f 2393 2409 2401
f 2409 2425 2417
f 2425 2441 2433
f 2441 2439 2447
f 2439 2423 2431
f 2423 2407 2415
f 2407 2339 2399
f 2339 139 2291
f 139 47 55
f 47 31 39
f 31 15 23
f 15 59 7
f 247 2199 255
f 2213 259 2205
f 81 3 73
f 3 279 271
f 399 743 407
f 911 1449 923
f 1475 935 1463
f 765 423 757
f 285 1 277
f 419 913 427
f 1907 1467 1899
f 1467 449 443
f 449 747 741
f 907 1447 919
f 1581 1877 1871
f 1903 1609 1895
f 1471 933 1459
f 761 433 753
f 281 1 273
f 1 493 481
f 709 941 721
f 1193 1229 1205
f 1577 1713 1605
f 1747 1631 1735
f 1263 1223 1251
f 975 739 963
f 491 1 479
f 1 489 477
f 705 939 717
f 1189 1227 1201
f 1573 1711 1601
f 1743 1629 1731
f 1259 1221 1247
f 971 737 959
f 487 1 475
f 1 485 473
f 701 937 713
f 1185 1225 1197
f 1569 1709 1597
f 1739 1627 1727
f 1255 1219 1243
f 967 735 955
f 1 79 71
f 235 2189 243
f 2209 257 2201
f 77 1 69
f 1 33 17
f 33 157 49
f 157 2409 2393
f 2409 2441 2425
f 2441 2423 2439
f 2423 2339 2407
f 2339 47 139
f 47 15 31
f 15 67 59
f 239 2199 247
f 2221 259 2213
f 89 3 81
f 3 287 279
f 391 743 399
f 903 1449 911
f 1483 935 1475
f 773 423 765
f 293 1 285
f 411 913 419
f 1915 1467 1907
f 449 755 747
f 899 1447 907
f 1581 1897 1877
f 1911 1609 1903
f 1479 933 1471
f 769 433 761
f 289 1 281
f 1 505 493
f 697 941 709
f 1181 1229 1193
f 1549 1713 1577
f 1759 1631 1747
f 1275 1223 1263
f 987 739 975
f 503 1 491
f 1 501 489
f 693 939 705
f 1177 1227 1189
f 1545 1711 1573
f 1755 1629 1743
f 1271 1221 1259
f 983 737 971
f 499 1 487
f 1 497 485
f 689 937 701
f 1173 1225 1185
f 1541 1709 1569
f 1751 1627 1739
f 1267 1219 1255
f 979 735 967
f 1 87 79
f 227 2189 235
f 2217 257 2209
f 85 1 77
f 1 157 33
f 2409 2423 2441
f 2423 47 2339
f 47 67 15
f 231 2199 239
f 2229 259 2221
f 97 3 89
f 3 295 287
f 383 743 391
f 895 1449 903
f 1491 935 1483
f 781 423 773
f 301 1 293
f 403 913 411
f 1935 1467 1915
f 449 763 755
f 891 1447 899
f 1581 1905 1897
f 1931 1609 1911
f 1487 933 1479
f 777 433 769
f 297 1 289
f 685 941 697
f 1169 1229 1181
f 1513 1713 1549
f 1771 1631 1759
f 1287 1223 1275
f 999 739 987
f 515 1 503
f 1 513 501
f 681 939 693
f 1165 1227 1177
f 1509 1711 1545
f 1767 1629 1755
f 1283 1221 1271
f 995 737 983
f 511 1 499
f 1 509 497
f 677 937 689
f 1161 1225 1173
f 1505 1709 1541
f 1763 1627 1751
f 1279 1219 1267
f 991 735 979
f 1 95 87
f 219 2189 227
f 2225 257 2217
f 93 1 85
f 47 75 67
f 223 2199 231
f 2237 259 2229
f 105 3 97
f 3 303 295
f 375 743 383
f 887 1449 895
f 1499 935 1491
f 789 423 781
f 309 1 301
f 395 913 403
f 1955 1467 1935
f 449 771 763
f 883 1447 891
f 1561 1905 1581
f 1951 1609 1931
f 1495 933 1487
f 785 433 777
f 305 1 297
f 673 941 685
f 1157 1229 1169
f 1445 1713 1513
f 1783 1631 1771
f 1299 1223 1287
f 1011 739 999
f 527 1 515
f 1 525 513
f 669 939 681
f 1153 1227 1165
f 1441 1711 1509
f 1779 1629 1767
f 1295 1221 1283
f 1007 737 995
f 523 1 511
f 1 521 509
f 665 937 677
f 1149 1225 1161
f 1437 1709 1505
f 1775 1627 1763
f 1291 1219 1279
f 1003 735 991
f 1 103 95
f 211 2189 219
f 2233 257 2225
f 101 1 93
f 47 83 75
f 215 2199 223
f 2245 259 2237
f 117 3 105
f 3 311 303
f 367 743 375
f 879 1449 887
f 1519 935 1499
f 797 423 789
f 317 1 309
f 387 913 395
f 1975 1467 1955
f 449 779 771
f 875 1447 883
f 1561 1913 1905
f 1971 1609 1951
f 1515 933 1495
f 793 433 785
f 313 1 305
f 661 941 673
f 1145 1229 1157
f 1433 1713 1445
f 1795 1631 1783
f 1311 1223 1299
f 1023 739 1011
f 539 1 527
f 657 939 669
f 1141 1227 1153
f 1429 1711 1441
f 1791 1629 1779
f 1307 1221 1295
f 1019 737 1007
f 535 1 523
f 1 533 521
f 653 937 665
f 1137 1225 1149
f 1425 1709 1437
f 1787 1627 1775
f 1303 1219 1291
f 1015 735 1003
f 1 115 103
f 203 2189 211
f 2241 257 2233
f 113 1 101
f 47 91 83
f 207 2199 215
f 2253 259 2245
f 125 3 117
f 3 319 311
f 367 751 743
f 871 1449 879
f 1527 935 1519
f 805 423 797
f 325 1 317
f 379 913 387
f 1995 1467 1975
f 449 787 779
f 867 1447 875
f 1561 1933 1913
f 1991 1609 1971
f 1523 933 1515
f 801 433 793
f 321 1 313
f 649 941 661
f 1133 1229 1145
f 1421 1713 1433
f 1807 1631 1795
f 1323 1223 1311
f 1035 739 1023
f 551 1 539
f 645 939 657
f 1129 1227 1141
f 1417 1711 1429
f 1803 1629 1791
f 1319 1221 1307
f 1031 737 1019
f 547 1 535
f 1 545 533
f 641 937 653
f 1125 1225 1137
f 1413 1709 1425
f 1799 1627 1787
f 1315 1219 1303
f 1027 735 1015
f 1 123 115
f 195 2189 203
f 2249 257 2241
f 121 1 113
f 47 99 91
f 199 2199 207
f 2261 259 2253
f 133 3 125
f 3 327 319
f 367 759 751
f 863 1449 871
f 1535 935 1527
f 813 423 805
f 325 275 1
f 371 913 379
f 2015 1467 1995
f 449 795 787
f 859 1447 867
f 1561 1953 1933
f 2011 1609 1991
f 1531 933 1523
f 809 433 801
f 329 1 321
f 637 941 649
f 1121 1229 1133
f 1409 1713 1421
f 1819 1631 1807
f 1335 1223 1323
f 1047 739 1035
f 563 1 551
f 633 939 645
f 1117 1227 1129
f 1405 1711 1417
f 1815 1629 1803
f 1331 1221 1319
f 1043 737 1031
f 559 1 547
f 1 557 545
f 629 937 641
f 1113 1225 1125
f 1401 1709 1413
f 1811 1627 1799
f 1327 1219 1315
f 1039 735 1027
f 1 131 123
f 187 2189 195
f 2257 257 2249
f 129 1 121
f 47 107 99
f 191 2199 199
f 2269 259 2261
f 145 3 133
f 3 335 327
f 367 767 759
f 855 1449 863
f 1555 935 1535
f 821 423 813
f 333 275 325
f 363 913 371
f 2059 1467 2015
f 449 803 795
f 851 1447 859
f 1561 1973 1953
f 2055 1609 2011
f 1551 933 1531
f 817 433 809
f 337 1 329
f 625 941 637
f 1109 1229 1121
f 1397 1713 1409
f 1831 1631 1819
f 1347 1223 1335
f 1059 739 1047
f 575 1 563
f 621 939 633
f 1105 1227 1117
f 1393 1711 1405
f 1827 1629 1815
f 1343 1221 1331
f 1055 737 1043
f 571 1 559
f 617 937 629
f 1101 1225 1113
f 1389 1709 1401
f 1823 1627 1811
f 1339 1219 1327
f 1051 735 1039
f 1 143 131
f 179 2189 187
f 2265 257 2257
f 141 1 129
f 47 119 107
f 183 2199 191
f 2277 259 2269
f 145 335 3
f 367 775 767
f 847 1449 855
f 1563 935 1555
f 829 423 821
f 333 283 275
f 363 915 913
f 2085 1467 2059
f 449 811 803
f 843 1447 851
f 1561 1993 1973
f 2081 1609 2055
f 1559 933 1551
f 825 433 817
f 345 1 337
f 613 941 625
f 1097 1229 1109
f 1385 1713 1397
f 1843 1631 1831
f 1359 1223 1347
f 1071 739 1059
f 587 1 575
f 609 939 621
f 1093 1227 1105
f 1381 1711 1393
f 1839 1629 1827
f 1355 1221 1343
f 1067 737 1055
f 583 1 571
f 605 937 617
f 1089 1225 1101
f 1377 1709 1389
f 1835 1627 1823
f 1351 1219 1339
f 1063 735 1051
f 471 143 1
f 171 2189 179
f 2273 257 2265
f 141 157 1
f 47 127 119
f 175 2199 183
f 2287 259 2277
f 153 335 145
f 367 783 775
f 839 1449 847
f 1583 935 1563
f 837 423 829
f 341 283 333
f 355 915 363
f 2093 1467 2085
f 449 819 811
f 835 1447 843
f 1561 2013 1993
f 2081 1635 1609
f 1579 933 1559
f 833 433 825
f 353 1 345
f 613 953 941
f 1097 1241 1229
f 1385 1725 1713
f 1843 1623 1631
f 1359 1215 1223
f 1071 731 739
f 599 1 587
f 609 949 939
f 1093 1237 1227
f 1381 1721 1711
f 1839 1619 1629
f 1355 1211 1221
f 1067 727 737
f 595 1 583
f 605 945 937
f 1089 1233 1225
f 1377 1717 1709
f 1835 1615 1627
f 1351 1207 1219
f 1063 723 735
f 483 143 471
f 161 2189 171
f 2283 257 2273
f 149 157 141
f 47 135 127
f 165 2199 175
f 2287 253 259
f 163 335 153
f 367 791 783
f 839 1457 1449
f 1583 929 935
f 837 431 423
f 349 283 341
f 347 915 355
f 2101 1467 2093
f 449 827 819
f 835 1453 1447
f 1561 2057 2013
f 2081 1643 1635
f 1579 925 933
f 833 425 433
f 361 1 353
f 613 965 953
f 1097 1253 1241
f 1385 1737 1725
f 1843 1603 1623
f 1359 1203 1215
f 1071 719 731
f 611 1 599
f 609 961 949
f 1093 1249 1237
f 1381 1733 1721
f 1839 1599 1619
f 1355 1199 1211
f 1067 715 727
f 607 1 595
f 605 957 945
f 1089 1245 1233
f 1377 1729 1717
f 1835 1595 1615
f 1351 1195 1207
f 1063 711 723
f 495 143 483
f 161 2195 2189
f 2283 249 257
f 159 157 149
f 47 147 135
f 165 2207 2199
f 2287 245 253
f 173 335 163
f 367 799 791
f 839 1465 1457
f 1583 921 929
f 837 439 431
f 349 291 283
f 339 915 347
f 2109 1467 2101
f 449 835 827
f 835 1461 1453
f 1561 2083 2057
f 2081 1651 1643
f 1579 917 925
f 833 417 425
f 369 1 361
f 613 977 965
f 1097 1265 1253
f 1385 1749 1737
f 1843 1575 1603
f 1359 1191 1203
f 1071 707 719
f 623 1 611
f 609 973 961
f 1093 1261 1249
f 1381 1745 1733
f 1839 1571 1599
f 1355 1187 1199
f 1067 703 715
f 619 1 607
f 605 969 957
f 1089 1257 1245
f 1377 1741 1729
f 1835 1567 1595
f 1351 1183 1195
f 1063 699 711
f 507 143 495
f 161 2203 2195
f 2283 241 249
f 169 157 159
f 47 155 147
f 165 2215 2207
f 2287 237 245
f 181 335 173
f 359 799 367
f 839 1477 1465
f 1583 909 921
f 837 447 439
f 357 291 349
f 1467 835 449
f 835 1473 1461
f 2081 1659 1651
f 1579 905 917
f 833 409 417
f 377 1 369
f 613 989 977
f 1097 1277 1265
f 1385 1761 1749
f 1843 1547 1575
f 1359 1179 1191
f 1071 695 707
f 635 1 623
f 609 985 973
f 1093 1273 1261
f 1381 1757 1745
f 1839 1543 1571
f 1355 1175 1187
f 1067 691 703
f 631 1 619
f 605 981 969
f 1089 1269 1257
f 1377 1753 1741
f 1835 1539 1567
f 1351 1171 1183
f 1063 687 699
f 519 143 507
f 161 2211 2203
f 2283 233 241
f 177 157 169
f 47 165 155
f 165 2223 2215
f 2287 229 237
f 189 335 181
f 359 807 799
f 839 1485 1477
f 1583 901 909
f 837 451 447
f 365 291 357
f 1467 1473 835
f 2081 1667 1659
f 1579 897 905
f 833 401 409
f 385 1 377
f 613 1001 989
f 1097 1289 1277
f 1385 1773 1761
f 1843 1511 1547
f 1359 1167 1179
f 1071 683 695
f 647 1 635
f 609 997 985
f 1093 1285 1273
f 1381 1769 1757
f 1839 1507 1543
f 1355 1163 1175
f 1067 679 691
f 643 1 631
f 605 993 981
f 1089 1281 1269
f 1377 1765 1753
f 1835 1503 1539
f 1351 1159 1171
f 1063 675 687
f 519 151 143
f 161 2219 2211
f 2283 225 233
f 185 157 177
f 2423 165 47
f 165 2231 2223
f 2287 221 229
f 197 335 189
f 359 815 807
f 839 1493 1485
f 1583 893 901
f 837 445 451
f 373 291 365
f 1469 1873 1467
f 1467 1481 1473
f 2081 1675 1667
f 1579 889 897
f 833 393 401
f 393 1 385
f 613 1013 1001
f 1097 1301 1289
f 1385 1785 1773
f 1843 1443 1511
f 1359 1155 1167
f 1071 671 683
f 659 1 647
f 609 1009 997
f 1093 1297 1285
f 1381 1781 1769
f 1839 1439 1507
f 1355 1151 1163
f 1067 667 679
f 655 1 643
f 605 1005 993
f 1089 1293 1281
f 1377 1777 1765
f 1835 1435 1503
f 1351 1147 1159
f 1063 663 675
f 531 151 519
f 161 2227 2219
f 2283 217 225
f 193 157 185
f 165 2239 2231
f 2287 213 221
f 205 335 197
f 359 823 815
f 839 1501 1493
f 1583 885 893
f 845 445 837
f 373 299 291
f 1469 1881 1873
f 1467 1489 1481
f 2081 1683 1675
f 1579 881 889
f 841 393 833
f 393 505 1
f 601 1013 613
f 1085 1301 1097
f 1373 1785 1385
f 1855 1443 1843
f 1371 1155 1359
f 1083 671 1071
f 671 1 659
f 597 1009 609
f 1081 1297 1093
f 1369 1781 1381
f 1851 1439 1839
f 1367 1151 1355
f 1079 667 1067
f 655 557 1
f 593 1005 605
f 1077 1293 1089
f 1365 1777 1377
f 1847 1435 1835
f 1363 1147 1351
f 1075 663 1063
f 543 151 531
f 161 2235 2227
f 2283 209 217
f 201 157 193
f 165 2247 2239
f 2287 205 213
f 205 343 335
f 359 831 823
f 839 1521 1501
f 1583 877 885
f 845 437 445
f 381 299 373
f 915 1881 1469
f 1467 1497 1489
f 2081 1691 1683
f 1579 873 881
f 393 517 505
f 601 1025 1013
f 1085 1313 1301
f 1373 1797 1785
f 1855 1431 1443
f 1371 1143 1155
f 671 525 1
f 597 1021 1009
f 1081 1309 1297
f 1369 1793 1781
f 1851 1427 1439
f 1367 1139 1151
f 1079 655 667
f 655 569 557
f 593 1017 1005
f 1077 1305 1293
f 1365 1789 1777
f 1847 1423 1435
f 1363 1135 1147
f 1075 651 663
f 555 151 543
f 161 2243 2235
f 2283 201 209
f 201 2409 157
f 165 2255 2247
f 205 351 343
f 359 839 831
f 839 1529 1521
f 1583 869 877
f 845 429 437
f 389 299 381
f 915 1901 1881
f 1467 1517 1497
f 2081 1699 1691
f 1579 865 873
f 393 529 517
f 601 1037 1025
f 1085 1325 1313
f 1373 1809 1797
f 1855 1419 1431
f 1371 1131 1143
f 671 537 525
f 597 1033 1021
f 1081 1321 1309
f 1369 1805 1793
f 1851 1415 1427
f 1367 1127 1139
f 1079 569 655
f 593 1029 1017
f 1077 1317 1305
f 1365 1801 1789
f 1847 1411 1423
f 1363 1123 1135
f 1075 639 651
f 567 151 555
f 161 2251 2243
f 2283 2409 201
f 165 2263 2255
f 2287 351 205
f 359 1529 839
f 1583 861 869
f 845 421 429
f 397 299 389
f 1467 1525 1517
f 2081 1705 1699
f 1579 857 865
f 393 541 529
f 601 1049 1037
f 1085 1337 1325
f 1373 1821 1809
f 1855 1407 1419
f 1371 1119 1131
f 671 549 537
f 597 1045 1033
f 1081 1333 1321
f 1369 1817 1805
f 1851 1403 1415
f 1367 1115 1127
f 1091 569 1079
f 593 1041 1029
f 1077 1329 1317
f 1365 1813 1801
f 1847 1399 1411
f 1363 1111 1123
f 1075 627 639
f 579 151 567
f 161 2259 2251
f 2293 2409 2283
f 165 2271 2263
f 2297 351 2287
f 359 1537 1529
f 1583 853 861
f 845 413 421
f 405 299 397
f 1467 1533 1525
f 2081 1697 1705
f 1579 849 857
f 393 553 541
f 601 1061 1049
f 1085 1349 1337
f 1373 1833 1821
f 1855 1395 1407
f 1371 1107 1119
f 671 561 549
f 597 1057 1045
f 1081 1345 1333
f 1369 1829 1817
f 1851 1391 1403
f 1367 1103 1115
f 1103 569 1091
f 593 1053 1041
f 1077 1341 1329
f 1365 1825 1813
f 1847 1387 1399
f 1363 1099 1111
f 1075 615 627
f 591 151 579
f 161 2267 2259
f 2301 2409 2293
f 2423 2271 165
f 2297 359 351
f 359 1557 1537
f 1583 845 853
f 845 405 413
f 405 307 299
f 1467 1553 1533
f 2081 1689 1697
f 1579 841 849
f 841 553 393
f 601 1073 1061
f 1085 1361 1349
f 1373 1845 1833
f 1855 1383 1395
f 1371 1095 1107
f 671 573 561
f 597 1069 1057
f 1081 1357 1345
f 1369 1841 1829
f 1851 1379 1391
f 1103 581 569
f 593 1065 1053
f 1077 1353 1341
f 1365 1837 1825
f 1847 1375 1387
f 1363 1087 1099
f 1075 603 615
f 603 151 591
f 161 2275 2267
f 2313 2409 2301
f 2423 2279 2271
f 2297 1557 359
f 405 315 307
f 2109 1553 1467
f 2081 1681 1689
f 841 565 553
f 601 1085 1073
f 1085 1373 1361
f 1373 1857 1845
f 1855 1371 1383
f 1371 1083 1095
f 1083 573 671
f 597 1081 1069
f 1081 1369 1357
f 1369 1853 1841
f 1851 1367 1379
f 1367 581 1103
f 593 1077 1065
f 1077 1365 1353
f 1365 1849 1837
f 1847 1363 1375
f 1363 1075 1087
f 1075 151 603
f 161 2285 2275
f 2321 2409 2313
f 2423 2289 2279
f 2305 1557 2297
f 405 323 315
f 2109 1561 1553
f 2081 1673 1681
f 841 577 565
f 1083 585 573
f 1851 581 1367
f 1075 161 151
f 2329 2409 2321
f 2423 2299 2289
f 2305 1565 1557
f 405 331 323
f 2109 2083 1561
f 2081 1665 1673
f 1579 577 841
f 1371 585 1083
f 1863 581 1851
f 1363 161 1075
f 2341 2409 2329
f 2423 2307 2299
f 2305 1585 1565
f 845 331 405
f 2117 2083 2109
f 2081 1657 1665
f 1587 577 1579
f 1855 585 1371
f 1863 593 581
f 1847 161 1363
f 2349 2409 2341
f 2423 2319 2307
f 2305 1593 1585
f 845 339 331
f 2125 2083 2117
f 2081 1649 1657
f 1607 577 1587
f 1867 585 1855
f 1863 1077 593
f 1847 2285 161
f 2357 2409 2349
f 2423 2327 2319
f 2305 1613 1593
f 845 915 339
f 2133 2083 2125
f 2081 1641 1649
f 1607 589 577
f 1867 597 585
f 1863 1365 1077
f 1859 2285 1847
f 2365 2409 2357
f 2423 2335 2327
f 2305 1639 1613
f 1583 915 845
f 2141 2083 2133
f 2081 1633 1641
f 1607 601 589
f 1867 1081 597
f 1887 1365 1863
f 1883 2285 1859
f 2373 2409 2365
f 2423 2347 2335
f 2305 1647 1639
f 1583 1901 915
f 2149 2083 2141
f 2081 1607 1633
f 1607 1085 601
f 1867 1369 1081
f 1887 1849 1365
f 1919 2285 1883
f 2381 2409 2373
f 2423 2355 2347
f 2305 1655 1647
f 1591 1901 1583
f 2157 2083 2149
f 2081 1085 1607
f 1891 1369 1867
f 1923 1849 1887
f 1939 2285 1919
f 2389 2409 2381
f 2423 2363 2355
f 2305 1663 1655
f 1611 1901 1591
f 2157 2091 2083
f 2089 1085 2081
f 1891 1853 1369
f 1943 1849 1923
f 1959 2285 1939
f 2383 2409 2389
f 2423 2371 2363
f 2305 1671 1663
f 1637 1901 1611
f 2157 2099 2091
f 2097 1085 2089
f 1927 1853 1891
f 1963 1849 1943
f 1979 2285 1959
f 2375 2409 2383
f 2423 2379 2371
f 2305 1679 1671
f 1645 1901 1637
f 2165 2099 2157
f 2097 1373 1085
f 1947 1853 1927
f 1983 1849 1963
f 1999 2285 1979
f 2367 2409 2375
f 2423 2387 2379
f 2305 1687 1679
f 1653 1901 1645
f 2165 2107 2099
f 2105 1373 2097
f 1967 1853 1947
f 2003 1849 1983
f 2019 2285 1999
f 2367 2423 2409
f 2423 2391 2387
f 2305 1695 1687
f 1661 1901 1653
f 2165 2115 2107
f 2105 1857 1373
f 1987 1853 1967
f 2023 1849 2003
f 2031 2285 2019
f 2359 2423 2367
f 2423 2385 2391
f 2305 1703 1695
f 1669 1901 1661
f 2173 2115 2165
f 2113 1857 2105
f 2007 1853 1987
f 2035 1849 2023
f 2043 2285 2031
f 2351 2423 2359
f 2423 2377 2385
f 2305 1707 1703
f 1677 1901 1669
f 2173 2123 2115
f 2121 1857 2113
f 2027 1853 2007
f 2035 1861 1849
f 2063 2285 2043
f 2343 2423 2351
f 2423 2369 2377
f 2305 1701 1707
f 1685 1901 1677
f 2173 2131 2123
f 2129 1857 2121
f 2039 1853 2027
f 2035 1885 1861
f 2075 2285 2063
f 2331 2423 2343
f 2423 2361 2369
f 2305 1693 1701
f 1693 1901 1685
f 2181 2131 2173
f 2137 1857 2129
f 2039 1865 1853
f 2047 1885 2035
f 2065 2285 2075
f 2323 2423 2331
f 2423 2353 2361
f 1693 1909 1901
f 2181 2139 2131
f 2145 1857 2137
f 2039 1889 1865
f 2047 1921 1885
f 2045 2285 2065
f 2315 2423 2323
f 1693 1917 1909
f 2181 2147 2139
f 2145 1869 1857
f 2051 1889 2039
f 2047 1941 1921
f 2033 2285 2045
f 2303 2423 2315
f 1693 1937 1917
f 2181 2155 2147
f 2145 1893 1869
f 2051 1925 1889
f 2067 1941 2047
f 2021 2285 2033
f 2295 2423 2303
f 1693 1957 1937
f 2187 2155 2181
f 2145 1929 1893
f 2051 1945 1925
f 2067 1961 1941
f 2001 2285 2021
f 2285 2423 2295
f 1693 1977 1957
f 2187 2163 2155
f 2153 1929 2145
f 2071 1945 2051
f 2067 1981 1961
f 1981 2285 2001
f 2285 2353 2423
f 1693 1997 1977
f 2187 2171 2163
f 2153 1949 1929
f 2071 1965 1945
f 2067 2285 1981
f 2285 2345 2353
f 2305 1997 1693
f 2187 2179 2171
f 2153 1969 1949
f 2071 1985 1965
f 2077 2285 2067
f 2285 2333 2345
f 2317 1997 2305
f 2187 2185 2179
f 2153 1989 1969
f 2071 2005 1985
f 2069 2285 2077
f 2285 2325 2333
f 2325 1997 2317
f 2161 1989 2153
f 2071 2025 2005
f 2049 2285 2069
f 2325 2017 1997
f 2161 2009 1989
f 2079 2025 2071
f 2037 2285 2049
f 2325 2061 2017
f 2161 2029 2009
f 2079 2037 2025
f 2037 2325 2285
f 2325 2087 2061
f 2161 2041 2029
f 2079 2325 2037
f 2325 2095 2087
f 2161 2053 2041
f 2073 2325 2079
f 2325 2103 2095
f 2161 2073 2053
f 2325 2111 2103
f 2169 2073 2161
f 2325 2119 2111
f 2169 2325 2073
f 2325 2127 2119
f 2177 2325 2169
f 2325 2135 2127
f 2185 2325 2177
f 2325 2143 2135
f 2187 2325 2185
f 2325 2151 2143
f 2183 2325 2187
f 2325 2159 2151
f 2175 2325 2183
f 2325 2167 2159
f 2167 2325 2175
f 260 2192 2200
f 2198 2192 260
f 66 60 4
f 4 2 264
f 416 424 744
f 932 936 1450
f 1456 1450 936
f 750 744 424
f 270 264 2
f 2 262 268
f 1880 1874 1468
f 914 436 444
f 442 434 742
f 928 934 1448
f 1590 1610 1872
f 1876 1872 1610
f 1452 1448 934
f 746 742 434
f 266 262 2
f 2 458 470
f 734 740 942
f 1218 1224 1230
f 1626 1632 1714
f 1724 1714 1632
f 1240 1230 1224
f 952 942 740
f 468 458 2
f 2 456 466
f 730 738 940
f 1214 1222 1228
f 1622 1630 1712
f 1720 1712 1630
f 1236 1228 1222
f 948 940 738
f 464 456 2
f 2 454 462
f 726 736 938
f 1210 1220 1226
f 1618 1628 1710
f 1716 1710 1628
f 1232 1226 1220
f 944 938 736
f 460 454 2
f 2 58 64
f 252 258 2190
f 2194 2190 258
f 62 58 2
f 2 6 10
f 10 14 18
f 18 22 26
f 26 30 34
f 34 38 42
f 42 46 50
f 50 54 110
f 110 138 158
f 158 2282 2310
f 2310 2338 2394
f 2394 2398 2402
f 2402 2406 2410
f 2410 2414 2418
f 2418 2422 2426
f 2426 2430 2434
f 2434 2438 2442
f 2442 2446 2448
f 2448 2444 2440
f 2440 2436 2432
f 2432 2428 2424
f 2424 2420 2416
f 2416 2412 2408
f 2408 2404 2400
f 2400 2396 2340
f 2340 2312 2292
f 2292 168 140
f 140 112 56
f 56 52 48
f 48 44 40
f 40 36 32
f 32 28 24
f 24 20 16
f 16 12 8
f 8 4 60
f 256 260 2200
f 2206 2198 260
f 74 66 4
f 4 264 272
f 408 416 744
f 924 932 1450
f 1464 1456 936
f 758 750 424
f 278 270 2
f 2 268 276
f 428 436 914
f 1900 1880 1468
f 1468 914 444
f 450 442 742
f 920 928 1448
f 1582 1590 1872
f 1896 1876 1610
f 1460 1452 934
f 754 746 434
f 274 266 2
f 2 470 482
f 722 734 942
f 1206 1218 1230
f 1606 1626 1714
f 1736 1724 1632
f 1252 1240 1224
f 964 952 740
f 480 468 2
f 2 466 478
f 718 730 940
f 1202 1214 1228
f 1602 1622 1712
f 1732 1720 1630
f 1248 1236 1222
f 960 948 738
f 476 464 2
f 2 462 474
f 714 726 938
f 1198 1210 1226
f 1598 1618 1710
f 1728 1716 1628
f 1244 1232 1220
f 956 944 736
f 472 460 2
f 2 64 72
f 244 252 2190
f 2202 2194 258
f 70 62 2
f 2 10 18
f 18 26 34
f 34 42 50
f 50 110 158
f 158 2310 2394
f 2394 2402 2410
f 2410 2418 2426
f 2426 2434 2442
f 2442 2448 2440
f 2440 2432 2424
f 2424 2416 2408
f 2408 2400 2340
f 2340 2292 140
f 140 56 48
f 48 40 32
f 32 24 16
f 16 8 60
f 248 256 2200
f 2214 2206 260
f 82 74 4
f 4 272 280
f 400 408 744
f 912 924 1450
f 1476 1464 936
f 766 758 424
f 286 278 2
f 420 428 914
f 1908 1900 1468
f 1468 444 450
f 450 742 748
f 908 920 1448
f 1582 1872 1878
f 1904 1896 1610
f 1472 1460 934
f 762 754 434
f 282 274 2
f 2 482 494
f 710 722 942
f 1194 1206 1230
f 1578 1606 1714
f 1748 1736 1632
f 1264 1252 1224
f 976 964 740
f 492 480 2
f 2 478 490
f 706 718 940
f 1190 1202 1228
f 1574 1602 1712
f 1744 1732 1630
f 1260 1248 1222
f 972 960 738
f 488 476 2
f 2 474 486
f 702 714 938
f 1186 1198 1226
f 1570 1598 1710
f 1740 1728 1628
f 1256 1244 1220
f 968 956 736
f 2 72 80
f 236 244 2190
f 2210 2202 258
f 78 70 2
f 2 18 34
f 34 50 158
f 158 2394 2410
f 2410 2426 2442
f 2442 2440 2424
f 2424 2408 2340
f 2340 140 48
f 48 32 16
f 16 60 68
f 240 248 2200
f 2222 2214 260
f 90 82 4
f 4 280 288
f 392 400 744
f 904 912 1450
f 1484 1476 936
f 774 766 424
f 294 286 2
f 412 420 914
f 1916 1908 1468
f 450 748 756
f 900 908 1448
f 1582 1878 1898
f 1912 1904 1610
f 1480 1472 934
f 770 762 434
f 290 282 2
f 2 494 506
f 698 710 942
f 1182 1194 1230
f 1550 1578 1714
f 1760 1748 1632
f 1276 1264 1224
f 988 976 740
f 504 492 2
f 2 490 502
f 694 706 940
f 1178 1190 1228
f 1546 1574 1712
f 1756 1744 1630
f 1272 1260 1222
f 984 972 738
f 500 488 2
f 2 486 498
f 690 702 938
f 1174 1186 1226
f 1542 1570 1710
f 1752 1740 1628
f 1268 1256 1220
f 980 968 736
f 2 80 88
f 228 236 2190
f 2218 2210 258
f 86 78 2
f 2 34 158
f 2410 2442 2424
f 2424 2340 48
f 48 16 68
f 232 240 2200
f 2230 2222 260
f 98 90 4
f 4 288 296
f 384 392 744
f 896 904 1450
f 1492 1484 936
f 782 774 424
f 302 294 2
f 404 412 914
f 1936 1916 1468
f 450 756 764
f 892 900 1448
f 1582 1898 1906
f 1932 1912 1610
f 1488 1480 934
f 778 770 434
f 298 290 2
f 686 698 942
f 1170 1182 1230
f 1514 1550 1714
f 1772 1760 1632
f 1288 1276 1224
f 1000 988 740
f 516 504 2
f 2 502 514
f 682 694 940
f 1166 1178 1228
f 1510 1546 1712
f 1768 1756 1630
f 1284 1272 1222
f 996 984 738
f 512 500 2
f 2 498 510
f 678 690 938
f 1162 1174 1226
f 1506 1542 1710
f 1764 1752 1628
f 1280 1268 1220
f 992 980 736
f 2 88 96
f 220 228 2190
f 2226 2218 258
f 94 86 2
f 48 68 76
f 224 232 2200
f 2238 2230 260
f 106 98 4
f 4 296 304
f 376 384 744
f 888 896 1450
f 1500 1492 936
f 790 782 424
f 310 302 2
f 396 404 914
f 1956 1936 1468
f 450 764 772
f 884 892 1448
f 1562 1582 1906
f 1952 1932 1610
f 1496 1488 934
f 786 778 434
f 306 298 2
f 674 686 942
f 1158 1170 1230
f 1446 1514 1714
f 1784 1772 1632
f 1300 1288 1224
f 1012 1000 740
f 528 516 2
f 2 514 526
f 670 682 940
f 1154 1166 1228
f 1442 1510 1712
f 1780 1768 1630
f 1296 1284 1222
f 1008 996 738
f 524 512 2
f 2 510 522
f 666 678 938
f 1150 1162 1226
f 1438 1506 1710
f 1776 1764 1628
f 1292 1280 1220
f 1004 992 736
f 2 96 104
f 212 220 2190
f 2234 2226 258
f 102 94 2
f 48 76 84
f 216 224 2200
f 2246 2238 260
f 118 106 4
f 4 304 312
f 368 376 744
f 880 888 1450
f 1520 1500 936
f 798 790 424
f 318 310 2
f 388 396 914
f 1976 1956 1468
f 450 772 780
f 876 884 1448
f 1562 1906 1914
f 1972 1952 1610
f 1516 1496 934
f 794 786 434
f 314 306 2
f 662 674 942
f 1146 1158 1230
f 1434 1446 1714
f 1796 1784 1632
f 1312 1300 1224
f 1024 1012 740
f 540 528 2
f 658 670 940
f 1142 1154 1228
f 1430 1442 1712
f 1792 1780 1630
f 1308 1296 1222
f 1020 1008 738
f 536 524 2
f 2 522 534
f 654 666 938
f 1138 1150 1226
f 1426 1438 1710
f 1788 1776 1628
f 1304 1292 1220
f 1016 1004 736
f 2 104 116
f 204 212 2190
f 2242 2234 258
f 114 102 2
f 48 84 92
f 208 216 2200
f 2254 2246 260
f 126 118 4
f 4 312 320
f 368 744 752
f 872 880 1450
f 1528 1520 936
f 806 798 424
f 326 318 2
f 380 388 914
f 1996 1976 1468
f 450 780 788
f 868 876 1448
f 1562 1914 1934
f 1992 1972 1610
f 1524 1516 934
f 802 794 434
f 322 314 2
f 650 662 942
f 1134 1146 1230
f 1422 1434 1714
f 1808 1796 1632
f 1324 1312 1224
f 1036 1024 740
f 552 540 2
f 646 658 940
f 1130 1142 1228
f 1418 1430 1712
f 1804 1792 1630
f 1320 1308 1222
f 1032 1020 738
f 548 536 2
f 2 534 546
f 642 654 938
f 1126 1138 1226
f 1414 1426 1710
f 1800 1788 1628
f 1316 1304 1220
f 1028 1016 736
f 2 116 124
f 196 204 2190
f 2250 2242 258
f 122 114 2
f 48 92 100
f 200 208 2200
f 2262 2254 260
f 134 126 4
f 4 320 328
f 368 752 760
f 864 872 1450
f 1536 1528 936
f 814 806 424
f 326 2 276
f 372 380 914
f 2016 1996 1468
f 450 788 796
f 860 868 1448
f 1562 1934 1954
f 2012 1992 1610
f 1532 1524 934
f 810 802 434
f 330 322 2
f 638 650 942
f 1122 1134 1230
f 1410 1422 1714
f 1820 1808 1632
f 1336 1324 1224
f 1048 1036 740
f 564 552 2
f 634 646 940
f 1118 1130 1228
f 1406 1418 1712
f 1816 1804 1630
f 1332 1320 1222
f 1044 1032 738
f 560 548 2
f 2 546 558
f 630 642 938
f 1114 1126 1226
f 1402 1414 1710
f 1812 1800 1628
f 1328 1316 1220
f 1040 1028 736
f 2 124 132
f 188 196 2190
f 2258 2250 258
f 130 122 2
f 48 100 108
f 192 200 2200
f 2270 2262 260
f 146 134 4
f 4 328 336
f 368 760 768
f 856 864 1450
f 1556 1536 936
f 822 814 424
f 334 326 276
f 364 372 914
f 2060 2016 1468
f 450 796 804
f 852 860 1448
f 1562 1954 1974
f 2056 2012 1610
f 1552 1532 934
f 818 810 434
f 338 330 2
f 626 638 942
f 1110 1122 1230
f 1398 1410 1714
f 1832 1820 1632
f 1348 1336 1224
f 1060 1048 740
f 576 564 2
f 622 634 940
f 1106 1118 1228
f 1394 1406 1712
f 1828 1816 1630
f 1344 1332 1222
f 1056 1044 738
f 572 560 2
f 618 630 938
f 1102 1114 1226
f 1390 1402 1710
f 1824 1812 1628
f 1340 1328 1220
f 1052 1040 736
f 2 132 144
f 180 188 2190
f 2266 2258 258
f 142 130 2
f 48 108 120
f 184 192 2200
f 2278 2270 260
f 146 4 336
f 368 768 776
f 848 856 1450
f 1564 1556 936
f 830 822 424
f 334 276 284
f 364 914 916
f 2086 2060 1468
f 450 804 812
f 844 852 1448
f 1562 1974 1994
f 2082 2056 1610
f 1560 1552 934
f 826 818 434
f 346 338 2
f 614 626 942
f 1098 1110 1230
f 1386 1398 1714
f 1844 1832 1632
f 1360 1348 1224
f 1072 1060 740
f 588 576 2
f 610 622 940
f 1094 1106 1228
f 1382 1394 1712
f 1840 1828 1630
f 1356 1344 1222
f 1068 1056 738
f 584 572 2
f 606 618 938
f 1090 1102 1226
f 1378 1390 1710
f 1836 1824 1628
f 1352 1340 1220
f 1064 1052 736
f 472 2 144
f 172 180 2190
f 2274 2266 258
f 142 2 158
f 48 120 128
f 176 184 2200
f 2288 2278 260
f 154 146 336
f 368 776 784
f 840 848 1450
f 1584 1564 936
f 838 830 424
f 342 334 284
f 356 364 916
f 2094 2086 1468
f 450 812 820
f 836 844 1448
f 1562 1994 2014
f 2082 1610 1636
f 1580 1560 934
f 834 826 434
f 354 346 2
f 614 942 954
f 1098 1230 1242
f 1386 1714 1726
f 1844 1632 1624
f 1360 1224 1216
f 1072 740 732
f 600 588 2
f 610 940 950
f 1094 1228 1238
f 1382 1712 1722
f 1840 1630 1620
f 1356 1222 1212
f 1068 738 728
f 596 584 2
f 606 938 946
f 1090 1226 1234
f 1378 1710 1718
f 1836 1628 1616
f 1352 1220 1208
f 1064 736 724
f 484 472 144
f 162 172 2190
f 2284 2274 258
f 150 142 158
f 48 128 136
f 166 176 2200
f 2288 260 254
f 164 154 336
f 368 784 792
f 840 1450 1458
f 1584 936 930
f 838 424 432
f 350 342 284
f 348 356 916
f 2102 2094 1468
f 450 820 828
f 836 1448 1454
f 1562 2014 2058
f 2082 1636 1644
f 1580 934 926
f 834 434 426
f 362 354 2
f 614 954 966
f 1098 1242 1254
f 1386 1726 1738
f 1844 1624 1604
f 1360 1216 1204
f 1072 732 720
f 612 600 2
f 610 950 962
f 1094 1238 1250
f 1382 1722 1734
f 1840 1620 1600
f 1356 1212 1200
f 1068 728 716
f 608 596 2
f 606 946 958
f 1090 1234 1246
f 1378 1718 1730
f 1836 1616 1596
f 1352 1208 1196
f 1064 724 712
f 496 484 144
f 162 2190 2196
f 2284 258 250
f 160 150 158
f 48 136 148
f 166 2200 2208
f 2288 254 246
f 174 164 336
f 368 792 800
f 840 1458 1466
f 1584 930 922
f 838 432 440
f 350 284 292
f 340 348 916
f 2110 2102 1468
f 450 828 836
f 836 1454 1462
f 1562 2058 2084
f 2082 1644 1652
f 1580 926 918
f 834 426 418
f 370 362 2
f 614 966 978
f 1098 1254 1266
f 1386 1738 1750
f 1844 1604 1576
f 1360 1204 1192
f 1072 720 708
f 624 612 2
f 610 962 974
f 1094 1250 1262
f 1382 1734 1746
f 1840 1600 1572
f 1356 1200 1188
f 1068 716 704
f 620 608 2
f 606 958 970
f 1090 1246 1258
f 1378 1730 1742
f 1836 1596 1568
f 1352 1196 1184
f 1064 712 700
f 508 496 144
f 162 2196 2204
f 2284 250 242
f 170 160 158
f 48 148 156
f 166 2208 2216
f 2288 246 238
f 182 174 336
f 360 368 800
f 840 1466 1478
f 1584 922 910
f 838 440 448
f 358 350 292
f 1468 450 836
f 836 1462 1474
f 2082 1652 1660
f 1580 918 906
f 834 418 410
f 378 370 2
f 614 978 990
f 1098 1266 1278
f 1386 1750 1762
f 1844 1576 1548
f 1360 1192 1180
f 1072 708 696
f 636 624 2
f 610 974 986
f 1094 1262 1274
f 1382 1746 1758
f 1840 1572 1544
f 1356 1188 1176
f 1068 704 692
f 632 620 2
f 606 970 982
f 1090 1258 1270
f 1378 1742 1754
f 1836 1568 1540
f 1352 1184 1172
f 1064 700 688
f 520 508 144
f 162 2204 2212
f 2284 242 234
f 178 170 158
f 48 156 166
f 166 2216 2224
f 2288 238 230
f 190 182 336
f 360 800 808
f 840 1478 1486
f 1584 910 902
f 838 448 452
f 366 358 292
f 1468 836 1474
f 2082 1660 1668
f 1580 906 898
f 834 410 402
f 386 378 2
f 614 990 1002
f 1098 1278 1290
f 1386 1762 1774
f 1844 1548 1512
f 1360 1180 1168
f 1072 696 684
f 648 636 2
f 610 986 998
f 1094 1274 1286
f 1382 1758 1770
f 1840 1544 1508
f 1356 1176 1164
f 1068 692 680
f 644 632 2
f 606 982 994
f 1090 1270 1282
f 1378 1754 1766
f 1836 1540 1504
f 1352 1172 1160
f 1064 688 676
f 520 144 152
f 162 2212 2220
f 2284 234 226
f 186 178 158
f 2424 48 166
f 166 2224 2232
f 2288 230 222
f 198 190 336
f 360 808 816
f 840 1486 1494
f 1584 902 894
f 838 452 446
f 374 366 292
f 1470 1468 1874
f 1468 1474 1482
f 2082 1668 1676
f 1580 898 890
f 834 402 394
f 394 386 2
f 614 1002 1014
f 1098 1290 1302
f 1386 1774 1786
f 1844 1512 1444
f 1360 1168 1156
f 1072 684 672
f 660 648 2
f 610 998 1010
f 1094 1286 1298
f 1382 1770 1782
f 1840 1508 1440
f 1356 1164 1152
f 1068 680 668
f 656 644 2
f 606 994 1006
f 1090 1282 1294
f 1378 1766 1778
f 1836 1504 1436
f 1352 1160 1148
f 1064 676 664
f 532 520 152
f 162 2220 2228
f 2284 226 218
f 194 186 158
f 166 2232 2240
f 2288 222 214
f 206 198 336
f 360 816 824
f 840 1494 1502
f 1584 894 886
f 846 838 446
f 374 292 300
f 1470 1874 1882
f 1468 1482 1490
f 2082 1676 1684
f 1580 890 882
f 842 834 394
f 394 2 506
f 602 614 1014
f 1086 1098 1302
f 1374 1386 1786
f 1856 1844 1444
f 1372 1360 1156
f 1084 1072 672
f 672 660 2
f 598 610 1010
f 1082 1094 1298
f 1370 1382 1782
f 1852 1840 1440
f 1368 1356 1152
f 1080 1068 668
f 656 2 558
f 594 606 1006
f 1078 1090 1294
f 1366 1378 1778
f 1848 1836 1436
f 1364 1352 1148
f 1076 1064 664
f 544 532 152
f 162 2228 2236
f 2284 218 210
f 202 194 158
f 166 2240 2248
f 2288 214 206
f 206 336 344
f 360 824 832
f 840 1502 1522
f 1584 886 878
f 846 446 438
f 382 374 300
f 916 1470 1882
f 1468 1490 1498
f 2082 1684 1692
f 1580 882 874
f 394 506 518
f 602 1014 1026
f 1086 1302 1314
f 1374 1786 1798
f 1856 1444 1432
f 1372 1156 1144
f 672 2 526
f 598 1010 1022
f 1082 1298 1310
f 1370 1782 1794
f 1852 1440 1428
f 1368 1152 1140
f 1080 668 656
f 656 558 570
f 594 1006 1018
f 1078 1294 1306
f 1366 1778 1790
f 1848 1436 1424
f 1364 1148 1136
f 1076 664 652
f 556 544 152
f 162 2236 2244
f 2284 210 202
f 202 158 2410
f 166 2248 2256
f 206 344 352
f 360 832 840
f 840 1522 1530
f 1584 878 870
f 846 438 430
f 390 382 300
f 916 1882 1902
f 1468 1498 1518
f 2082 1692 1700
f 1580 874 866
f 394 518 530
f 602 1026 1038
f 1086 1314 1326
f 1374 1798 1810
f 1856 1432 1420
f 1372 1144 1132
f 672 526 538
f 598 1022 1034
f 1082 1310 1322
f 1370 1794 1806
f 1852 1428 1416
f 1368 1140 1128
f 1080 656 570
f 594 1018 1030
f 1078 1306 1318
f 1366 1790 1802
f 1848 1424 1412
f 1364 1136 1124
f 1076 652 640
f 568 556 152
f 162 2244 2252
f 2284 202 2410
f 166 2256 2264
f 2288 206 352
f 360 840 1530
f 1584 870 862
f 846 430 422
f 398 390 300
f 1468 1518 1526
f 2082 1700 1706
f 1580 866 858
f 394 530 542
f 602 1038 1050
f 1086 1326 1338
f 1374 1810 1822
f 1856 1420 1408
f 1372 1132 1120
f 672 538 550
f 598 1034 1046
f 1082 1322 1334
f 1370 1806 1818
f 1852 1416 1404
f 1368 1128 1116
f 1092 1080 570
f 594 1030 1042
f 1078 1318 1330
f 1366 1802 1814
f 1848 1412 1400
f 1364 1124 1112
f 1076 640 628
f 580 568 152
f 162 2252 2260
f 2294 2284 2410
f 166 2264 2272
f 2298 2288 352
f 360 1530 1538
f 1584 862 854
f 846 422 414
f 406 398 300
f 1468 1526 1534
f 2082 1706 1698
f 1580 858 850
f 394 542 554
f 602 1050 1062
f 1086 1338 1350
f 1374 1822 1834
f 1856 1408 1396
f 1372 1120 1108
f 672 550 562
f 598 1046 1058
f 1082 1334 1346
f 1370 1818 1830
f 1852 1404 1392
f 1368 1116 1104
f 1104 1092 570
f 594 1042 1054
f 1078 1330 1342
f 1366 1814 1826
f 1848 1400 1388
f 1364 1112 1100
f 1076 628 616
f 592 580 152
f 162 2260 2268
f 2302 2294 2410
f 2424 166 2272
f 2298 352 360
f 360 1538 1558
f 1584 854 846
f 846 414 406
f 406 300 308
f 1468 1534 1554
f 2082 1698 1690
f 1580 850 842
f 842 394 554
f 602 1062 1074
f 1086 1350 1362
f 1374 1834 1846
f 1856 1396 1384
f 1372 1108 1096
f 672 562 574
f 598 1058 1070
f 1082 1346 1358
f 1370 1830 1842
f 1852 1392 1380
f 1104 570 582
f 594 1054 1066
f 1078 1342 1354
f 1366 1826 1838
f 1848 1388 1376
f 1364 1100 1088
f 1076 616 604
f 604 592 152
f 162 2268 2276
f 2314 2302 2410
f 2424 2272 2280
f 2298 360 1558
f 406 308 316
f 2110 1468 1554
f 2082 1690 1682
f 842 554 566
f 602 1074 1086
f 1086 1362 1374
f 1374 1846 1858
f 1856 1384 1372
f 1372 1096 1084
f 1084 672 574
f 598 1070 1082
f 1082 1358 1370
f 1370 1842 1854
f 1852 1380 1368
f 1368 1104 582
f 594 1066 1078
f 1078 1354 1366
f 1366 1838 1850
f 1848 1376 1364
f 1364 1088 1076
f 1076 604 152
f 162 2276 2286
f 2322 2314 2410
f 2424 2280 2290
f 2306 2298 1558
f 406 316 324
f 2110 1554 1562
f 2082 1682 1674
f 842 566 578
f 1084 574 586
f 1852 1368 582
f 1076 152 162
f 2330 2322 2410
f 2424 2290 2300
f 2306 1558 1566
f 406 324 332
f 2110 1562 2084
f 2082 1674 1666
f 1580 842 578
f 1372 1084 586
f 1864 1852 582
f 1364 1076 162
f 2342 2330 2410
f 2424 2300 2308
f 2306 1566 1586
f 846 406 332
f 2118 2110 2084
f 2082 1666 1658
f 1588 1580 578
f 1856 1372 586
f 1864 582 594
f 1848 1364 162
f 2350 2342 2410
f 2424 2308 2320
f 2306 1586 1594
f 846 332 340
f 2126 2118 2084
f 2082 1658 1650
f 1608 1588 578
f 1868 1856 586
f 1864 594 1078
f 1848 162 2286
f 2358 2350 2410
f 2424 2320 2328
f 2306 1594 1614
f 846 340 916
f 2134 2126 2084
f 2082 1650 1642
f 1608 578 590
f 1868 586 598
f 1864 1078 1366
f 1860 1848 2286
f 2366 2358 2410
f 2424 2328 2336
f 2306 1614 1640
f 1584 846 916
f 2142 2134 2084
f 2082 1642 1634
f 1608 590 602
f 1868 598 1082
f 1888 1864 1366
f 1884 1860 2286
f 2374 2366 2410
f 2424 2336 2348
f 2306 1640 1648
f 1584 916 1902
f 2150 2142 2084
f 2082 1634 1608
f 1608 602 1086
f 1868 1082 1370
f 1888 1366 1850
f 1920 1884 2286
f 2382 2374 2410
f 2424 2348 2356
f 2306 1648 1656
f 1592 1584 1902
f 2158 2150 2084
f 2082 1608 1086
f 1892 1868 1370
f 1924 1888 1850
f 1940 1920 2286
f 2390 2382 2410
f 2424 2356 2364
f 2306 1656 1664
f 1612 1592 1902
f 2158 2084 2092
f 2090 2082 1086
f 1892 1370 1854
f 1944 1924 1850
f 1960 1940 2286
f 2384 2390 2410
f 2424 2364 2372
f 2306 1664 1672
f 1638 1612 1902
f 2158 2092 2100
f 2098 2090 1086
f 1928 1892 1854
f 1964 1944 1850
f 1980 1960 2286
f 2376 2384 2410
f 2424 2372 2380
f 2306 1672 1680
f 1646 1638 1902
f 2166 2158 2100
f 2098 1086 1374
f 1948 1928 1854
f 1984 1964 1850
f 2000 1980 2286
f 2368 2376 2410
f 2424 2380 2388
f 2306 1680 1688
f 1654 1646 1902
f 2166 2100 2108
f 2106 2098 1374
f 1968 1948 1854
f 2004 1984 1850
f 2020 2000 2286
f 2368 2410 2424
f 2424 2388 2392
f 2306 1688 1696
f 1662 1654 1902
f 2166 2108 2116
f 2106 1374 1858
f 1988 1968 1854
f 2024 2004 1850
f 2032 2020 2286
f 2360 2368 2424
f 2424 2392 2386
f 2306 1696 1704
f 1670 1662 1902
f 2174 2166 2116
f 2114 2106 1858
f 2008 1988 1854
f 2036 2024 1850
f 2044 2032 2286
f 2352 2360 2424
f 2424 2386 2378
f 2306 1704 1708
f 1678 1670 1902
f 2174 2116 2124
f 2122 2114 1858
f 2028 2008 1854
f 2036 1850 1862
f 2064 2044 2286
f 2344 2352 2424
f 2424 2378 2370
f 2306 1708 1702
f 1686 1678 1902
f 2174 2124 2132
f 2130 2122 1858
f 2040 2028 1854
f 2036 1862 1886
f 2076 2064 2286
f 2332 2344 2424
f 2424 2370 2362
f 2306 1702 1694
f 1694 1686 1902
f 2182 2174 2132
f 2138 2130 1858
f 2040 1854 1866
f 2048 2036 1886
f 2066 2076 2286
f 2324 2332 2424
f 2424 2362 2354
f 1694 1902 1910
f 2182 2132 2140
f 2146 2138 1858
f 2040 1866 1890
f 2048 1886 1922
f 2046 2066 2286
f 2316 2324 2424
f 1694 1910 1918
f 2182 2140 2148
f 2146 1858 1870
f 2052 2040 1890
f 2048 1922 1942
f 2034 2046 2286
f 2304 2316 2424
f 1694 1918 1938
f 2182 2148 2156
f 2146 1870 1894
f 2052 1890 1926
f 2068 2048 1942
f 2022 2034 2286
f 2296 2304 2424
f 1694 1938 1958
f 2188 2182 2156
f 2146 1894 1930
f 2052 1926 1946
f 2068 1942 1962
f 2002 2022 2286
f 2286 2296 2424
f 1694 1958 1978
f 2188 2156 2164
f 2154 2146 1930
f 2072 2052 1946
f 2068 1962 1982
f 1982 2002 2286
f 2286 2424 2354
f 1694 1978 1998
f 2188 2164 2172
f 2154 1930 1950
f 2072 1946 1966
f 2068 1982 2286
f 2286 2354 2346
f 2306 1694 1998
f 2188 2172 2180
f 2154 1950 1970
f 2072 1966 1986
f 2078 2068 2286
f 2286 2346 2334
f 2318 2306 1998
f 2188 2180 2186
f 2154 1970 1990
f 2072 1986 2006
f 2070 2078 2286
f 2286 2334 2326
f 2326 2318 1998
f 2162 2154 1990
f 2072 2006 2026
f 2050 2070 2286
f 2326 1998 2018
f 2162 1990 2010
f 2080 2072 2026
f 2038 2050 2286
f 2326 2018 2062
f 2162 2010 2030
f 2080 2026 2038
f 2038 2286 2326
f 2326 2062 2088
f 2162 2030 2042
f 2080 2038 2326
f 2326 2088 2096
f 2162 2042 2054
f 2074 2080 2326
f 2326 2096 2104
f 2162 2054 2074
f 2326 2104 2112
f 2170 2162 2074
f 2326 2112 2120
f 2170 2074 2326
f 2326 2120 2128
f 2178 2170 2326
f 2326 2128 2136
f 2186 2178 2326
f 2326 2136 2144
f 2188 2186 2326
f 2326 2144 2152
f 2184 2188 2326
f 2326 2152 2160
f 2176 2184 2326
f 2326 2160 2168
f 2168 2176 2326
f 53 49 50
f 53 50 54
f 49 45 46
f 49 46 50
f 45 41 42
f 45 42 46
f 41 37 38
f 41 38 42
f 37 33 34
f 37 34 38
f 33 29 30
f 33 30 34
f 29 25 26
f 29 26 30
f 25 21 22
f 25 22 26
f 21 17 18
f 21 18 22
f 17 13 14
f 17 14 18
f 13 9 10
f 13 10 14
f 9 5 6
f 9 6 10
f 5 1 2
f 5 2 6
f 1 3 4
f 1 4 2
f 3 7 8
f 3 8 4
f 7 11 12
f 7 12 8
f 11 15 16
f 11 16 12
f 15 19 20
f 15 20 16
f 19 23 24
f 19 24 20
f 23 27 28
f 23 28 24
f 27 31 32
f 27 32 28
f 31 35 36
f 31 36 32
f 35 39 40
f 35 40 36
f 39 43 44
f 39 44 40
f 43 47 48
f 43 48 44
f 47 51 52
f 47 52 48
f 51 55 56
f 51 56 52
f 55 111 112
f 55 112 56
f 111 139 140
f 111 140 112
f 139 167 168
f 139 168 140
f 167 2291 2292
f 167 2292 168
f 2291 2311 2312
f 2291 2312 2292
f 2311 2339 2340
f 2311 2340 2312
f 2339 2395 2396
f 2339 2396 2340
f 2395 2399 2400
f 2395 2400 2396
f 2399 2403 2404
f 2399 2404 2400
f 2403 2407 2408
f 2403 2408 2404
f 2407 2411 2412
f 2407 2412 2408
f 2411 2415 2416
f 2411 2416 2412
f 2415 2419 2420
f 2415 2420 2416
f 2419 2423 2424
f 2419 2424 2420
f 2423 2427 2428
f 2423 2428 2424
f 2427 2431 2432
f 2427 2432 2428
f 2431 2435 2436
f 2431 2436 2432
f 2435 2439 2440
f 2435 2440 2436
f 2439 2443 2444
f 2439 2444 2440
f 2443 2447 2448
f 2443 2448 2444
f 2447 2445 2446
f 2447 2446 2448
f 2445 2441 2442
f 2445 2442 2446
f 2441 2437 2438
f 2441 2438 2442
f 2437 2433 2434
f 2437 2434 2438
f 2433 2429 2430
f 2433 2430 2434
f 2429 2425 2426
f 2429 2426 2430
f 2425 2421 2422
f 2425 2422 2426
f 2421 2417 2418
f 2421 2418 2422
f 2417 2413 2414
f 2417 2414 2418
f 2413 2409 2410
f 2413 2410 2414
f 2409 2405 2406
f 2409 2406 2410
f 2405 2401 2402
f 2405 2402 2406
f 2401 2397 2398
f 2401 2398 2402
f 2397 2393 2394
f 2397 2394 2398
f 2393 2337 2338
f 2393 2338 2394
f 2337 2309 2310
f 2337 2310 2338
f 2309 2281 2282
f 2309 2282 2310
f 2281 157 158
f 2281 158 2282
f 157 137 138
f 157 138 158
f 137 109 110
f 137 110 138
f 109 53 54
f 109 54 110
f 233 242 241
f 233 234 242
f 241 250 249
f 241 242 250
f 249 258 257
f 249 250 258
f 257 252 251
f 257 258 252
f 251 244 243
f 251 252 244
f 243 236 235
f 243 244 236
f 235 228 227
f 235 236 228
f 227 220 219
f 227 228 220
f 219 212 211
f 219 220 212
f 211 204 203
f 211 212 204
f 203 196 195
f 203 204 196
f 195 188 187
f 195 196 188
f 187 180 179
f 187 188 180
f 179 172 171
f 179 180 172
f 171 162 161
f 171 172 162
f 161 152 151
f 161 162 152
f 151 144 143
f 151 152 144
f 143 132 131
f 143 144 132
f 131 124 123
f 131 132 124
f 123 116 115
f 123 124 116
f 115 104 103
f 115 116 104
f 103 96 95
f 103 104 96
f 95 88 87
f 95 96 88
f 87 80 79
f 87 88 80
f 79 72 71
f 79 80 72
f 71 64 63
f 71 72 64
f 63 58 57
f 63 64 58
f 57 62 61
f 57 58 62
f 61 70 69
f 61 62 70
f 69 78 77
f 69 70 78
f 77 86 85
f 77 78 86
f 85 94 93
f 85 86 94
f 93 102 101
f 93 94 102
f 101 114 113
f 101 102 114
f 113 122 121
f 113 114 122
f 121 130 129
f 121 122 130
f 129 142 141
f 129 130 142
f 141 150 149
f 141 142 150
f 149 160 159
f 149 150 160
f 159 170 169
f 159 160 170
f 169 178 177
f 169 170 178
f 177 186 185
f 177 178 186
f 185 194 193
f 185 186 194
f 193 202 201
f 193 194 202
f 201 210 209
f 201 202 210
f 209 218 217
f 209 210 218
f 217 226 225
f 217 218 226
f 225 234 233
f 225 226 234
f 687 700 699
f 687 688 700
f 699 712 711
f 699 700 712
f 711 724 723
f 711 712 724
f 723 736 735
f 723 724 736
f 735 726 725
f 735 736 726
f 725 714 713
f 725 726 714
f 713 702 701
f 713 714 702
f 701 690 689
f 701 702 690
f 689 678 677
f 689 690 678
f 677 666 665
f 677 678 666
f 665 654 653
f 665 666 654
f 653 642 641
f 653 654 642
f 641 630 629
f 641 642 630
f 629 618 617
f 629 630 618
f 617 606 605
f 617 618 606
f 605 594 593
f 605 606 594
f 593 582 581
f 593 594 582
f 581 570 569
f 581 582 570
f 569 558 557
f 569 570 558
f 557 546 545
f 557 558 546
f 545 534 533
f 545 546 534
f 533 522 521
f 533 534 522
f 521 510 509
f 521 522 510
f 509 498 497
f 509 510 498
f 497 486 485
f 497 498 486
f 485 474 473
f 485 486 474
f 473 462 461
f 473 474 462
f 461 454 453
f 461 462 454
f 453 460 459
f 453 454 460
f 459 472 471
f 459 460 472
f 471 484 483
f 471 472 484
f 483 496 495
f 483 484 496
f 495 508 507
f 495 496 508
f 507 520 519
f 507 508 520
f 519 532 531
f 519 520 532
f 531 544 543
f 531 532 544
f 543 556 555
f 543 544 556
f 555 568 567
f 555 556 568
f 567 580 579
f 567 568 580
f 579 592 591
f 579 580 592
f 591 604 603
f 591 592 604
f 603 616 615
f 603 604 616
f 615 628 627
f 615 616 628
f 627 640 639
f 627 628 640
f 639 652 651
f 639 640 652
f 651 664 663
f 651 652 664
f 663 676 675
f 663 664 676
f 675 688 687
f 675 676 688
f 1171 1184 1183
f 1171 1172 1184
f 1183 1196 1195
f 1183 1184 1196
f 1195 1208 1207
f 1195 1196 1208
f 1207 1220 1219
f 1207 1208 1220
f 1219 1210 1209
f 1219 1220 1210
f 1209 1198 1197
f 1209 1210 1198
f 1197 1186 1185
f 1197 1198 1186
f 1185 1174 1173
f 1185 1186 1174
f 1173 1162 1161
f 1173 1174 1162
f 1161 1150 1149
f 1161 1162 1150
f 1149 1138 1137
f 1149 1150 1138
f 1137 1126 1125
f 1137 1138 1126
f 1125 1114 1113
f 1125 1126 1114
f 1113 1102 1101
f 1113 1114 1102
f 1101 1090 1089
f 1101 1102 1090
f 1089 1078 1077
f 1089 1090 1078
f 1077 1066 1065
f 1077 1078 1066
f 1065 1054 1053
f 1065 1066 1054
f 1053 1042 1041
f 1053 1054 1042
f 1041 1030 1029
f 1041 1042 1030
f 1029 1018 1017
f 1029 1030 1018
f 1017 1006 1005
f 1017 1018 1006
f 1005 994 993
f 1005 1006 994
f 993 982 981
f 993 994 982
f 981 970 969
f 981 982 970
f 969 958 957
f 969 970 958
f 957 946 945
f 957 958 946
f 945 938 937
f 945 946 938
f 937 944 943
f 937 938 944
f 943 956 955
f 943 944 956
f 955 968 967
f 955 956 968
f 967 980 979
f 967 968 980
f 979 992 991
f 979 980 992
f 991 1004 1003
f 991 992 1004
f 1003 1016 1015
f 1003 1004 1016
f 1015 1028 1027
f 1015 1016 1028
f 1027 1040 1039
f 1027 1028 1040
f 1039 1052 1051
f 1039 1040 1052
f 1051 1064 1063
f 1051 1052 1064
f 1063 1076 1075
f 1063 1064 1076
f 1075 1088 1087
f 1075 1076 1088
f 1087 1100 1099
f 1087 1088 1100
f 1099 1112 1111
f 1099 1100 1112
f 1111 1124 1123
f 1111 1112 1124
f 1123 1136 1135
f 1123 1124 1136
f 1135 1148 1147
f 1135 1136 1148
f 1147 1160 1159
f 1147 1148 1160
f 1159 1172 1171
f 1159 1160 1172
f 703 716 715
f 703 704 716
f 715 728 727
f 715 716 728
f 727 738 737
f 727 728 738
f 737 730 729
f 737 738 730
f 729 718 717
f 729 730 718
f 717 706 705
f 717 718 706
f 705 694 693
f 705 706 694
f 693 682 681
f 693 694 682
f 681 670 669
f 681 682 670
f 669 658 657
f 669 670 658
f 657 646 645
f 657 658 646
f 645 634 633
f 645 646 634
f 633 622 621
f 633 634 622
f 621 610 609
f 621 622 610
f 609 598 597
f 609 610 598
f 597 586 585
f 597 598 586
f 585 574 573
f 585 586 574
f 573 562 561
f 573 574 562
f 561 550 549
f 561 562 550
f 549 538 537
f 549 550 538
f 537 526 525
f 537 538 526
f 525 514 513
f 525 526 514
f 513 502 501
f 513 514 502
f 501 490 489
f 501 502 490
f 489 478 477
f 489 490 478
f 477 466 465
f 477 478 466
f 465 456 455
f 465 466 456
f 455 464 463
f 455 456 464
f 463 476 475
f 463 464 476
f 475 488 487
f 475 476 488
f 487 500 499
f 487 488 500
f 499 512 511
f 499 500 512
f 511 524 523
f 511 512 524
f 523 536 535
f 523 524 536
f 535 548 547
f 535 536 548
f 547 560 559
f 547 548 560
f 559 572 571
f 559 560 572
f 571 584 583
f 571 572 584
f 583 596 595
f 583 584 596
f 595 608 607
f 595 596 608
f 607 620 619
f 607 608 620
f 619 632 631
f 619 620 632
f 631 644 643
f 631 632 644
f 643 656 655
f 643 644 656
f 655 668 667
f 655 656 668
f 667 680 679
f 667 668 680
f 679 692 691
f 679 680 692
f 691 704 703
f 691 692 704
f 1175 1188 1187
f 1175 1176 1188
f 1187 1200 1199
f 1187 1188 1200
f 1199 1212 1211
f 1199 1200 1212
f 1211 1222 1221
f 1211 1212 1222
f 1221 1214 1213
f 1221 1222 1214
f 1213 1202 1201
f 1213 1214 1202
f 1201 1190 1189
f 1201 1202 1190
f 1189 1178 1177
f 1189 1190 1178
f 1177 1166 1165
f 1177 1178 1166
f 1165 1154 1153
f 1165 1166 1154
f 1153 1142 1141
f 1153 1154 1142
f 1141 1130 1129
f 1141 1142 1130
f 1129 1118 1117
f 1129 1130 1118
f 1117 1106 1105
f 1117 1118 1106
f 1105 1094 1093
f 1105 1106 1094
f 1093 1082 1081
f 1093 1094 1082
f 1081 1070 1069
f 1081 1082 1070
f 1069 1058 1057
f 1069 1070 1058
f 1057 1046 1045
f 1057 1058 1046
f 1045 1034 1033
f 1045 1046 1034
f 1033 1022 1021
f 1033 1034 1022
f 1021 1010 1009
f 1021 1022 1010
f 1009 998 997
f 1009 1010 998
f 997 986 985
f 997 998 986
f 985 974 973
f 985 986 974
f 973 962 961
f 973 974 962
f 961 950 949
f 961 962 950
f 949 940 939
f 949 950 940
f 939 948 947
f 939 940 948
f 947 960 959
f 947 948 960
f 959 972 971
f 959 960 972
f 971 984 983
f 971 972 984
f 983 996 995
f 983 984 996
f 995 1008 1007
f 995 996 1008
f 1007 1020 1019
f 1007 1008 1020
f 1019 1032 1031
f 1019 1020 1032
f 1031 1044 1043
f 1031 1032 1044
f 1043 1056 1055
f 1043 1044 1056
f 1055 1068 1067
f 1055 1056 1068
f 1067 1080 1079
f 1067 1068 1080
f 1079 1092 1091
f 1079 1080 1092
f 1091 1104 1103
f 1091 1092 1104
f 1103 1116 1115
f 1103 1104 1116
f 1115 1128 1127
f 1115 1116 1128
f 1127 1140 1139
f 1127 1128 1140
f 1139 1152 1151
f 1139 1140 1152
f 1151 1164 1163
f 1151 1152 1164
f 1163 1176 1175
f 1163 1164 1176
f 695 708 707
f 695 696 708
f 707 720 719
f 707 708 720
f 719 732 731
f 719 720 732
f 731 740 739
f 731 732 740
f 739 734 733
f 739 740 734
f 733 722 721
f 733 734 722
f 721 710 709
f 721 722 710
f 709 698 697
f 709 710 698
f 697 686 685
f 697 698 686
f 685 674 673
f 685 686 674
f 673 662 661
f 673 674 662
f 661 650 649
f 661 662 650
f 649 638 637
f 649 650 638
f 637 626 625
f 637 638 626
f 625 614 613
f 625 626 614
f 613 602 601
f 613 614 602
f 601 590 589
f 601 602 590
f 589 578 577
f 589 590 578
f 577 566 565
f 577 578 566
f 565 554 553
f 565 566 554
f 553 542 541
f 553 554 542
f 541 530 529
f 541 542 530
f 529 518 517
f 529 530 518
f 517 506 505
f 517 518 506
f 505 494 493
f 505 506 494
f 493 482 481
f 493 494 482
f 481 470 469
f 481 482 470
f 469 458 457
f 469 470 458
f 457 468 467
f 457 458 468
f 467 480 479
f 467 468 480
f 479 492 491
f 479 480 492
f 491 504 503
f 491 492 504
f 503 516 515
f 503 504 516
f 515 528 527
f 515 516 528
f 527 540 539
f 527 528 540
f 539 552 551
f 539 540 552
f 551 564 563
f 551 552 564
f 563 576 575
f 563 564 576
f 575 588 587
f 575 576 588
f 587 600 599
f 587 588 600
f 599 612 611
f 599 600 612
f 611 624 623
f 611 612 624
f 623 636 635
f 623 624 636
f 635 648 647
f 635 636 648
f 647 660 659
f 647 648 660
f 659 672 671
f 659 660 672
f 671 684 683
f 671 672 684
f 683 696 695
f 683 684 696
f 1191 1204 1203
f 1191 1192 1204
f 1203 1216 1215
f 1203 1204 1216
f 1215 1224 1223
f 1215 1216 1224
f 1223 1218 1217
f 1223 1224 1218
f 1217 1206 1205
f 1217 1218 1206
f 1205 1194 1193
f 1205 1206 1194
f 1193 1182 1181
f 1193 1194 1182
f 1181 1170 1169
f 1181 1182 1170
f 1169 1158 1157
f 1169 1170 1158
f 1157 1146 1145
f 1157 1158 1146
f 1145 1134 1133
f 1145 1146 1134
f 1133 1122 1121
f 1133 1134 1122
f 1121 1110 1109
f 1121 1122 1110
f 1109 1098 1097
f 1109 1110 1098
f 1097 1086 1085
f 1097 1098 1086
f 1085 1074 1073
f 1085 1086 1074
f 1073 1062 1061
f 1073 1074 1062
f 1061 1050 1049
f 1061 1062 1050
f 1049 1038 1037
f 1049 1050 1038
f 1037 1026 1025
f 1037 1038 1026
f 1025 1014 1013
f 1025 1026 1014
f 1013 1002 1001
f 1013 1014 1002
f 1001 990 989
f 1001 1002 990
f 989 978 977
f 989 990 978
f 977 966 965
f 977 978 966
f 965 954 953
f 965 966 954
f 953 942 941
f 953 954 942
f 941 952 951
f 941 942 952
f 951 964 963
f 951 952 964
f 963 976 975
f 963 964 976
f 975 988 987
f 975 976 988
f 987 1000 999
f 987 988 1000
f 999 1012 1011
f 999 1000 1012
f 1011 1024 1023
f 1011 1012 1024
f 1023 1036 1035
f 1023 1024 1036
f 1035 1048 1047
f 1035 1036 1048
f 1047 1060 1059
f 1047 1048 1060
f 1059 1072 1071
f 1059 1060 1072
f 1071 1084 1083
f 1071 1072 1084
f 1083 1096 1095
f 1083 1084 1096
f 1095 1108 1107
f 1095 1096 1108
f 1107 1120 1119
f 1107 1108 1120
f 1119 1132 1131
f 1119 1120 1132
f 1131 1144 1143
f 1131 1132 1144
f 1143 1156 1155
f 1143 1144 1156
f 1155 1168 1167
f 1155 1156 1168
f 1167 1180 1179
f 1167 1168 1180
f 1179 1192 1191
f 1179 1180 1192
f 897 906 905
f 897 898 906
f 905 918 917
f 905 906 918
f 917 926 925
f 917 918 926
f 925 934 933
f 925 926 934
f 933 928 927
f 933 934 928
f 927 920 919
f 927 928 920
f 919 908 907
f 919 920 908
f 907 900 899
f 907 908 900
f 899 892 891
f 899 900 892
f 891 884 883
f 891 892 884
f 883 876 875
f 883 884 876
f 875 868 867
f 875 876 868
f 867 860 859
f 867 868 860
f 859 852 851
f 859 860 852
f 851 844 843
f 851 852 844
f 843 836 835
f 843 844 836
f 835 828 827
f 835 836 828
f 827 820 819
f 827 828 820
f 819 812 811
f 819 820 812
f 811 804 803
f 811 812 804
f 803 796 795
f 803 804 796
f 795 788 787
f 795 796 788
f 787 780 779
f 787 788 780
f 779 772 771
f 779 780 772
f 771 764 763
f 771 772 764
f 763 756 755
f 763 764 756
f 755 748 747
f 755 756 748
f 747 742 741
f 747 748 742
f 741 746 745
f 741 742 746
f 745 754 753
f 745 746 754
f 753 762 761
f 753 754 762
f 761 770 769
f 761 762 770
f 769 778 777
f 769 770 778
f 777 786 785
f 777 778 786
f 785 794 793
f 785 786 794
f 793 802 801
f 793 794 802
f 801 810 809
f 801 802 810
f 809 818 817
f 809 810 818
f 817 826 825
f 817 818 826
f 825 834 833
f 825 826 834
f 833 842 841
f 833 834 842
f 841 850 849
f 841 842 850
f 849 858 857
f 849 850 858
f 857 866 865
f 857 858 866
f 865 874 873
f 865 866 874
f 873 882 881
f 873 874 882
f 881 890 889
f 881 882 890
f 889 898 897
f 889 890 898
f 417 426 425
f 417 418 426
f 425 434 433
f 425 426 434
f 433 442 441
f 433 434 442
f 441 450 449
f 441 442 450
f 449 444 443
f 449 450 444
f 443 436 435
f 443 444 436
f 435 428 427
f 435 436 428
f 427 420 419
f 427 428 420
f 419 412 411
f 419 420 412
f 411 404 403
f 411 412 404
f 403 396 395
f 403 404 396
f 395 388 387
f 395 396 388
f 387 380 379
f 387 388 380
f 379 372 371
f 379 380 372
f 371 364 363
f 371 372 364
f 363 356 355
f 363 364 356
f 355 348 347
f 355 356 348
f 347 340 339
f 347 348 340
f 339 332 331
f 339 340 332
f 331 324 323
f 331 332 324
f 323 316 315
f 323 324 316
f 315 308 307
f 315 316 308
f 307 300 299
f 307 308 300
f 299 292 291
f 299 300 292
f 291 284 283
f 291 292 284
f 283 276 275
f 283 284 276
f 275 268 267
f 275 276 268
f 267 262 261
f 267 268 262
f 261 266 265
f 261 262 266
f 265 274 273
f 265 266 274
f 273 282 281
f 273 274 282
f 281 290 289
f 281 282 290
f 289 298 297
f 289 290 298
f 297 306 305
f 297 298 306
f 305 314 313
f 305 306 314
f 313 322 321
f 313 314 322
f 321 330 329
f 321 322 330
f 329 338 337
f 329 330 338
f 337 346 345
f 337 338 346
f 345 354 353
f 345 346 354
f 353 362 361
f 353 354 362
f 361 370 369
f 361 362 370
f 369 378 377
f 369 370 378
f 377 386 385
f 377 378 386
f 385 394 393
f 385 386 394
f 393 402 401
f 393 394 402
f 401 410 409
f 401 402 410
f 409 418 417
f 409 410 418
f 1469 916 915
f 1469 1470 916
f 915 914 913
f 915 916 914
f 913 1468 1467
f 913 914 1468
f 1467 1470 1469
f 1467 1468 1470
f 421 430 429
f 421 422 430
f 429 438 437
f 429 430 438
f 437 446 445
f 437 438 446
f 445 452 451
f 445 446 452
f 451 448 447
f 451 452 448
f 447 440 439
f 447 448 440
f 439 432 431
f 439 440 432
f 431 424 423
f 431 432 424
f 423 416 415
f 423 424 416
f 415 408 407
f 415 416 408
f 407 400 399
f 407 408 400
f 399 392 391
f 399 400 392
f 391 384 383
f 391 392 384
f 383 376 375
f 383 384 376
f 375 368 367
f 375 376 368
f 367 360 359
f 367 368 360
f 359 352 351
f 359 360 352
f 351 344 343
f 351 352 344
f 343 336 335
f 343 344 336
f 335 328 327
f 335 336 328
f 327 320 319
f 327 328 320
f 319 312 311
f 319 320 312
f 311 304 303
f 311 312 304
f 303 296 295
f 303 304 296
f 295 288 287
f 295 296 288
f 287 280 279
f 287 288 280
f 279 272 271
f 279 280 272
f 271 264 263
f 271 272 264
f 263 270 269
f 263 264 270
f 269 278 277
f 269 270 278
f 277 286 285
f 277 278 286
f 285 294 293
f 285 286 294
f 293 302 301
f 293 294 302
f 301 310 309
f 301 302 310
f 309 318 317
f 309 310 318
f 317 326 325
f 317 318 326
f 325 334 333
f 325 326 334
f 333 342 341
f 333 334 342
f 341 350 349
f 341 342 350
f 349 358 357
f 349 350 358
f 357 366 365
f 357 358 366
f 365 374 373
f 365 366 374
f 373 382 381
f 373 374 382
f 381 390 389
f 381 382 390
f 389 398 397
f 389 390 398
f 397 406 405
f 397 398 406
f 405 414 413
f 405 406 414
f 413 422 421
f 413 414 422
f 901 910 909
f 901 902 910
f 909 922 921
f 909 910 922
f 921 930 929
f 921 922 930
f 929 936 935
f 929 930 936
f 935 932 931
f 935 936 932
f 931 924 923
f 931 932 924
f 923 912 911
f 923 924 912
f 911 904 903
f 911 912 904
f 903 896 895
f 903 904 896
f 895 888 887
f 895 896 888
f 887 880 879
f 887 888 880
f 879 872 871
f 879 880 872
f 871 864 863
f 871 872 864
f 863 856 855
f 863 864 856
f 855 848 847
f 855 856 848
f 847 840 839
f 847 848 840
f 839 832 831
f 839 840 832
f 831 824 823
f 831 832 824
f 823 816 815
f 823 824 816
f 815 808 807
f 815 816 808
f 807 800 799
f 807 808 800
f 799 792 791
f 799 800 792
f 791 784 783
f 791 792 784
f 783 776 775
f 783 784 776
f 775 768 767
f 775 776 768
f 767 760 759
f 767 768 760
f 759 752 751
f 759 760 752
f 751 744 743
f 751 752 744
f 743 750 749
f 743 744 750
f 749 758 757
f 749 750 758
f 757 766 765
f 757 758 766
f 765 774 773
f 765 766 774
f 773 782 781
f 773 774 782
f 781 790 789
f 781 782 790
f 789 798 797
f 789 790 798
f 797 806 805
f 797 798 806
f 805 814 813
f 805 806 814
f 813 822 821
f 813 814 822
f 821 830 829
f 821 822 830
f 829 838 837
f 829 830 838
f 837 846 845
f 837 838 846
f 845 854 853
f 845 846 854
f 853 862 861
f 853 854 862
f 861 870 869
f 861 862 870
f 869 878 877
f 869 870 878
f 877 886 885
f 877 878 886
f 885 894 893
f 885 886 894
f 893 902 901
f 893 894 902
f 237 246 245
f 237 238 246
f 245 254 253
f 245 246 254
f 253 260 259
f 253 254 260
f 259 256 255
f 259 260 256
f 255 248 247
f 255 256 248
f 247 240 239
f 247 248 240
f 239 232 231
f 239 240 232
f 231 224 223
f 231 232 224
f 223 216 215
f 223 224 216
f 215 208 207
f 215 216 208
f 207 200 199
f 207 208 200
f 199 192 191
f 199 200 192
f 191 184 183
f 191 192 184
f 183 176 175
f 183 184 176
f 175 166 165
f 175 176 166
f 165 156 155
f 165 166 156
f 155 148 147
f 155 156 148
f 147 136 135
f 147 148 136
f 135 128 127
f 135 136 128
f 127 120 119
f 127 128 120
f 119 108 107
f 119 120 108
f 107 100 99
f 107 108 100
f 99 92 91
f 99 100 92
f 91 84 83
f 91 92 84
f 83 76 75
f 83 84 76
f 75 68 67
f 75 76 68
f 67 60 59
f 67 68 60
f 59 66 65
f 59 60 66
f 65 74 73
f 65 66 74
f 73 82 81
f 73 74 82
f 81 90 89
f 81 82 90
f 89 98 97
f 89 90 98
f 97 106 105
f 97 98 106
f 105 118 117
f 105 106 118
f 117 126 125
f 117 118 126
f 125 134 133
f 125 126 134
f 133 146 145
f 133 134 146
f 145 154 153
f 145 146 154
f 153 164 163
f 153 154 164
f 163 174 173
f 163 164 174
f 173 182 181
f 173 174 182
f 181 190 189
f 181 182 190
f 189 198 197
f 189 190 198
f 197 206 205
f 197 198 206
f 205 214 213
f 205 206 214
f 213 222 221
f 213 214 222
f 221 230 229
f 221 222 230
f 229 238 237
f 229 230 238
f 2357 2366 2365
f 2357 2358 2366
f 2365 2374 2373
f 2365 2366 2374
f 2373 2382 2381
f 2373 2374 2382
f 2381 2390 2389
f 2381 2382 2390
f 2389 2384 2383
f 2389 2390 2384
f 2383 2376 2375
f 2383 2384 2376
f 2375 2368 2367
f 2375 2376 2368
f 2367 2360 2359
f 2367 2368 2360
f 2359 2352 2351
f 2359 2360 2352
f 2351 2344 2343
f 2351 2352 2344
f 2343 2332 2331
f 2343 2344 2332
f 2331 2324 2323
f 2331 2332 2324
f 2323 2316 2315
f 2323 2324 2316
f 2315 2304 2303
f 2315 2316 2304
f 2303 2296 2295
f 2303 2304 2296
f 2295 2286 2285
f 2295 2296 2286
f 2285 2276 2275
f 2285 2286 2276
f 2275 2268 2267
f 2275 2276 2268
f 2267 2260 2259
f 2267 2268 2260
f 2259 2252 2251
f 2259 2260 2252
f 2251 2244 2243
f 2251 2252 2244
f 2243 2236 2235
f 2243 2244 2236
f 2235 2228 2227
f 2235 2236 2228
f 2227 2220 2219
f 2227 2228 2220
f 2219 2212 2211
f 2219 2220 2212
f 2211 2204 2203
f 2211 2212 2204
f 2203 2196 2195
f 2203 2204 2196
f 2195 2190 2189
f 2195 2196 2190
f 2189 2194 2193
f 2189 2190 2194
f 2193 2202 2201
f 2193 2194 2202
f 2201 2210 2209
f 2201 2202 2210
f 2209 2218 2217
f 2209 2210 2218
f 2217 2226 2225
f 2217 2218 2226
f 2225 2234 2233
f 2225 2226 2234
f 2233 2242 2241
f 2233 2234 2242
f 2241 2250 2249
f 2241 2242 2250
f 2249 2258 2257
f 2249 2250 2258
f 2257 2266 2265
f 2257 2258 2266
f 2265 2274 2273
f 2265 2266 2274
f 2273 2284 2283
f 2273 2274 2284
f 2283 2294 2293
f 2283 2284 2294
f 2293 2302 2301
f 2293 2294 2302
f 2301 2314 2313
f 2301 2302 2314
f 2313 2322 2321
f 2313 2314 2322
f 2321 2330 2329
f 2321 2322 2330
f 2329 2342 2341
f 2329 2330 2342
f 2341 2350 2349
f 2341 2342 2350
f 2349 2358 2357
f 2349 2350 2358
f 1539 1568 1567
f 1539 1540 1568
f 1567 1596 1595
f 1567 1568 1596
f 1595 1616 1615
f 1595 1596 1616
f 1615 1628 1627
f 1615 1616 1628
f 1627 1618 1617
f 1627 1628 1618
f 1617 1598 1597
f 1617 1618 1598
f 1597 1570 1569
f 1597 1598 1570
f 1569 1542 1541
f 1569 1570 1542
f 1541 1506 1505
f 1541 1542 1506
f 1505 1438 1437
f 1505 1506 1438
f 1437 1426 1425
f 1437 1438 1426
f 1425 1414 1413
f 1425 1426 1414
f 1413 1402 1401
f 1413 1414 1402
f 1401 1390 1389
f 1401 1402 1390
f 1389 1378 1377
f 1389 1390 1378
f 1377 1366 1365
f 1377 1378 1366
f 1365 1354 1353
f 1365 1366 1354
f 1353 1342 1341
f 1353 1354 1342
f 1341 1330 1329
f 1341 1342 1330
f 1329 1318 1317
f 1329 1330 1318
f 1317 1306 1305
f 1317 1318 1306
f 1305 1294 1293
f 1305 1306 1294
f 1293 1282 1281
f 1293 1294 1282
f 1281 1270 1269
f 1281 1282 1270
f 1269 1258 1257
f 1269 1270 1258
f 1257 1246 1245
f 1257 1258 1246
f 1245 1234 1233
f 1245 1246 1234
f 1233 1226 1225
f 1233 1234 1226
f 1225 1232 1231
f 1225 1226 1232
f 1231 1244 1243
f 1231 1232 1244
f 1243 1256 1255
f 1243 1244 1256
f 1255 1268 1267
f 1255 1256 1268
f 1267 1280 1279
f 1267 1268 1280
f 1279 1292 1291
f 1279 1280 1292
f 1291 1304 1303
f 1291 1292 1304
f 1303 1316 1315
f 1303 1304 1316
f 1315 1328 1327
f 1315 1316 1328
f 1327 1340 1339
f 1327 1328 1340
f 1339 1352 1351
f 1339 1340 1352
f 1351 1364 1363
f 1351 1352 1364
f 1363 1376 1375
f 1363 1364 1376
f 1375 1388 1387
f 1375 1376 1388
f 1387 1400 1399
f 1387 1388 1400
f 1399 1412 1411
f 1399 1400 1412
f 1411 1424 1423
f 1411 1412 1424
f 1423 1436 1435
f 1423 1424 1436
f 1435 1504 1503
f 1435 1436 1504
f 1503 1540 1539
f 1503 1504 1540
f 2031 2044 2043
f 2031 2032 2044
f 2043 2064 2063
f 2043 2044 2064
f 2063 2076 2075
f 2063 2064 2076
f 2075 2066 2065
f 2075 2076 2066
f 2065 2046 2045
f 2065 2066 2046
f 2045 2034 2033
f 2045 2046 2034
f 2033 2022 2021
f 2033 2034 2022
f 2021 2002 2001
f 2021 2022 2002
f 2001 1982 1981
f 2001 2002 1982
f 1981 1962 1961
f 1981 1982 1962
f 1961 1942 1941
f 1961 1962 1942
f 1941 1922 1921
f 1941 1942 1922
f 1921 1886 1885
f 1921 1922 1886
f 1885 1862 1861
f 1885 1886 1862
f 1861 1850 1849
f 1861 1862 1850
f 1849 1838 1837
f 1849 1850 1838
f 1837 1826 1825
f 1837 1838 1826
f 1825 1814 1813
f 1825 1826 1814
f 1813 1802 1801
f 1813 1814 1802
f 1801 1790 1789
f 1801 1802 1790
f 1789 1778 1777
f 1789 1790 1778
f 1777 1766 1765
f 1777 1778 1766
f 1765 1754 1753
f 1765 1766 1754
f 1753 1742 1741
f 1753 1754 1742
f 1741 1730 1729
f 1741 1742 1730
f 1729 1718 1717
f 1729 1730 1718
f 1717 1710 1709
f 1717 1718 1710
f 1709 1716 1715
f 1709 1710 1716
f 1715 1728 1727
f 1715 1716 1728
f 1727 1740 1739
f 1727 1728 1740
f 1739 1752 1751
f 1739 1740 1752
f 1751 1764 1763
f 1751 1752 1764
f 1763 1776 1775
f 1763 1764 1776
f 1775 1788 1787
f 1775 1776 1788
f 1787 1800 1799
f 1787 1788 1800
f 1799 1812 1811
f 1799 1800 1812
f 1811 1824 1823
f 1811 1812 1824
f 1823 1836 1835
f 1823 1824 1836
f 1835 1848 1847
f 1835 1836 1848
f 1847 1860 1859
f 1847 1848 1860
f 1859 1884 1883
f 1859 1860 1884
f 1883 1920 1919
f 1883 1884 1920
f 1919 1940 1939
f 1919 1920 1940
f 1939 1960 1959
f 1939 1940 1960
f 1959 1980 1979
f 1959 1960 1980
f 1979 2000 1999
f 1979 1980 2000
f 1999 2020 2019
f 1999 2000 2020
f 2019 2032 2031
f 2019 2020 2032
f 1543 1572 1571
f 1543 1544 1572
f 1571 1600 1599
f 1571 1572 1600
f 1599 1620 1619
f 1599 1600 1620
f 1619 1630 1629
f 1619 1620 1630
f 1629 1622 1621
f 1629 1630 1622
f 1621 1602 1601
f 1621 1622 1602
f 1601 1574 1573
f 1601 1602 1574
f 1573 1546 1545
f 1573 1574 1546
f 1545 1510 1509
f 1545 1546 1510
f 1509 1442 1441
f 1509 1510 1442
f 1441 1430 1429
f 1441 1442 1430
f 1429 1418 1417
f 1429 1430 1418
f 1417 1406 1405
f 1417 1418 1406
f 1405 1394 1393
f 1405 1406 1394
f 1393 1382 1381
f 1393 1394 1382
f 1381 1370 1369
f 1381 1382 1370
f 1369 1358 1357
f 1369 1370 1358
f 1357 1346 1345
f 1357 1358 1346
f 1345 1334 1333
f 1345 1346 1334
f 1333 1322 1321
f 1333 1334 1322
f 1321 1310 1309
f 1321 1322 1310
f 1309 1298 1297
f 1309 1310 1298
f 1297 1286 1285
f 1297 1298 1286
f 1285 1274 1273
f 1285 1286 1274
f 1273 1262 1261
f 1273 1274 1262
f 1261 1250 1249
f 1261 1262 1250
f 1249 1238 1237
f 1249 1250 1238
f 1237 1228 1227
f 1237 1238 1228
f 1227 1236 1235
f 1227 1228 1236
f 1235 1248 1247
f 1235 1236 1248
f 1247 1260 1259
f 1247 1248 1260
f 1259 1272 1271
f 1259 1260 1272
f 1271 1284 1283
f 1271 1272 1284
f 1283 1296 1295
f 1283 1284 1296
f 1295 1308 1307
f 1295 1296 1308
f 1307 1320 1319
f 1307 1308 1320
f 1319 1332 1331
f 1319 1320 1332
f 1331 1344 1343
f 1331 1332 1344
f 1343 1356 1355
f 1343 1344 1356
f 1355 1368 1367
f 1355 1356 1368
f 1367 1380 1379
f 1367 1368 1380
f 1379 1392 1391
f 1379 1380 1392
f 1391 1404 1403
f 1391 1392 1404
f 1403 1416 1415
f 1403 1404 1416
f 1415 1428 1427
f 1415 1416 1428
f 1427 1440 1439
f 1427 1428 1440
f 1439 1508 1507
f 1439 1440 1508
f 1507 1544 1543
f 1507 1508 1544
f 2023 2036 2035
f 2023 2024 2036
f 2035 2048 2047
f 2035 2036 2048
f 2047 2068 2067
f 2047 2048 2068
f 2067 2078 2077
f 2067 2068 2078
f 2077 2070 2069
f 2077 2078 2070
f 2069 2050 2049
f 2069 2070 2050
f 2049 2038 2037
f 2049 2050 2038
f 2037 2026 2025
f 2037 2038 2026
f 2025 2006 2005
f 2025 2026 2006
f 2005 1986 1985
f 2005 2006 1986
f 1985 1966 1965
f 1985 1986 1966
f 1965 1946 1945
f 1965 1966 1946
f 1945 1926 1925
f 1945 1946 1926
f 1925 1890 1889
f 1925 1926 1890
f 1889 1866 1865
f 1889 1890 1866
f 1865 1854 1853
f 1865 1866 1854
f 1853 1842 1841
f 1853 1854 1842
f 1841 1830 1829
f 1841 1842 1830
f 1829 1818 1817
f 1829 1830 1818
f 1817 1806 1805
f 1817 1818 1806
f 1805 1794 1793
f 1805 1806 1794
f 1793 1782 1781
f 1793 1794 1782
f 1781 1770 1769
f 1781 1782 1770
f 1769 1758 1757
f 1769 1770 1758
f 1757 1746 1745
f 1757 1758 1746
f 1745 1734 1733
f 1745 1746 1734
f 1733 1722 1721
f 1733 1734 1722
f 1721 1712 1711
f 1721 1722 1712
f 1711 1720 1719
f 1711 1712 1720
f 1719 1732 1731
f 1719 1720 1732
f 1731 1744 1743
f 1731 1732 1744
f 1743 1756 1755
f 1743 1744 1756
f 1755 1768 1767
f 1755 1756 1768
f 1767 1780 1779
f 1767 1768 1780
f 1779 1792 1791
f 1779 1780 1792
f 1791 1804 1803
f 1791 1792 1804
f 1803 1816 1815
f 1803 1804 1816
f 1815 1828 1827
f 1815 1816 1828
f 1827 1840 1839
f 1827 1828 1840
f 1839 1852 1851
f 1839 1840 1852
f 1851 1864 1863
f 1851 1852 1864
f 1863 1888 1887
f 1863 1864 1888
f 1887 1924 1923
f 1887 1888 1924
f 1923 1944 1943
f 1923 1924 1944
f 1943 1964 1963
f 1943 1944 1964
f 1963 1984 1983
f 1963 1964 1984
f 1983 2004 2003
f 1983 1984 2004
f 2003 2024 2023
f 2003 2004 2024
f 1575 1604 1603
f 1575 1576 1604
f 1603 1624 1623
f 1603 1604 1624
f 1623 1632 1631
f 1623 1624 1632
f 1631 1626 1625
f 1631 1632 1626
f 1625 1606 1605
f 1625 1626 1606
f 1605 1578 1577
f 1605 1606 1578
f 1577 1550 1549
f 1577 1578 1550
f 1549 1514 1513
f 1549 1550 1514
f 1513 1446 1445
f 1513 1514 1446
f 1445 1434 1433
f 1445 1446 1434
f 1433 1422 1421
f 1433 1434 1422
f 1421 1410 1409
f 1421 1422 1410
f 1409 1398 1397
f 1409 1410 1398
f 1397 1386 1385
f 1397 1398 1386
f 1385 1374 1373
f 1385 1386 1374
f 1373 1362 1361
f 1373 1374 1362
f 1361 1350 1349
f 1361 1362 1350
f 1349 1338 1337
f 1349 1350 1338
f 1337 1326 1325
f 1337 1338 1326
f 1325 1314 1313
f 1325 1326 1314
f 1313 1302 1301
f 1313 1314 1302
f 1301 1290 1289
f 1301 1302 1290
f 1289 1278 1277
f 1289 1290 1278
f 1277 1266 1265
f 1277 1278 1266
f 1265 1254 1253
f 1265 1266 1254
f 1253 1242 1241
f 1253 1254 1242
f 1241 1230 1229
f 1241 1242 1230
f 1229 1240 1239
f 1229 1230 1240
f 1239 1252 1251
f 1239 1240 1252
f 1251 1264 1263
f 1251 1252 1264
f 1263 1276 1275
f 1263 1264 1276
f 1275 1288 1287
f 1275 1276 1288
f 1287 1300 1299
f 1287 1288 1300
f 1299 1312 1311
f 1299 1300 1312
f 1311 1324 1323
f 1311 1312 1324
f 1323 1336 1335
f 1323 1324 1336
f 1335 1348 1347
f 1335 1336 1348
f 1347 1360 1359
f 1347 1348 1360
f 1359 1372 1371
f 1359 1360 1372
f 1371 1384 1383
f 1371 1372 1384
f 1383 1396 1395
f 1383 1384 1396
f 1395 1408 1407
f 1395 1396 1408
f 1407 1420 1419
f 1407 1408 1420
f 1419 1432 1431
f 1419 1420 1432
f 1431 1444 1443
f 1431 1432 1444
f 1443 1512 1511
f 1443 1444 1512
f 1511 1548 1547
f 1511 1512 1548
f 1547 1576 1575
f 1547 1548 1576
f 2027 2040 2039
f 2027 2028 2040
f 2039 2052 2051
f 2039 2040 2052
f 2051 2072 2071
f 2051 2052 2072
f 2071 2080 2079
f 2071 2072 2080
f 2079 2074 2073
f 2079 2080 2074
f 2073 2054 2053
f 2073 2074 2054
f 2053 2042 2041
f 2053 2054 2042
f 2041 2030 2029
f 2041 2042 2030
f 2029 2010 2009
f 2029 2030 2010
f 2009 1990 1989
f 2009 2010 1990
f 1989 1970 1969
f 1989 1990 1970
f 1969 1950 1949
f 1969 1970 1950
f 1949 1930 1929
f 1949 1950 1930
f 1929 1894 1893
f 1929 1930 1894
f 1893 1870 1869
f 1893 1894 1870
f 1869 1858 1857
f 1869 1870 1858
f 1857 1846 1845
f 1857 1858 1846
f 1845 1834 1833
f 1845 1846 1834
f 1833 1822 1821
f 1833 1834 1822
f 1821 1810 1809
f 1821 1822 1810
f 1809 1798 1797
f 1809 1810 1798
f 1797 1786 1785
f 1797 1798 1786
f 1785 1774 1773
f 1785 1786 1774
f 1773 1762 1761
f 1773 1774 1762
f 1761 1750 1749
f 1761 1762 1750
f 1749 1738 1737
f 1749 1750 1738
f 1737 1726 1725
f 1737 1738 1726
f 1725 1714 1713
f 1725 1726 1714
f 1713 1724 1723
f 1713 1714 1724
f 1723 1736 1735
f 1723 1724 1736
f 1735 1748 1747
f 1735 1736 1748
f 1747 1760 1759
f 1747 1748 1760
f 1759 1772 1771
f 1759 1760 1772
f 1771 1784 1783
f 1771 1772 1784
f 1783 1796 1795
f 1783 1784 1796
f 1795 1808 1807
f 1795 1796 1808
f 1807 1820 1819
f 1807 1808 1820
f 1819 1832 1831
f 1819 1820 1832
f 1831 1844 1843
f 1831 1832 1844
f 1843 1856 1855
f 1843 1844 1856
f 1855 1868 1867
f 1855 1856 1868
f 1867 1892 1891
f 1867 1868 1892
f 1891 1928 1927
f 1891 1892 1928
f 1927 1948 1947
f 1927 1928 1948
f 1947 1968 1967
f 1947 1948 1968
f 1967 1988 1987
f 1967 1968 1988
f 1987 2008 2007
f 1987 1988 2008
f 2007 2028 2027
f 2007 2008 2028
f 1673 1682 1681
f 1673 1674 1682
f 1681 1690 1689
f 1681 1682 1690
f 1689 1698 1697
f 1689 1690 1698
f 1697 1706 1705
f 1697 1698 1706
f 1705 1700 1699
f 1705 1706 1700
f 1699 1692 1691
f 1699 1700 1692
f 1691 1684 1683
f 1691 1692 1684
f 1683 1676 1675
f 1683 1684 1676
f 1675 1668 1667
f 1675 1676 1668
f 1667 1660 1659
f 1667 1668 1660
f 1659 1652 1651
f 1659 1660 1652
f 1651 1644 1643
f 1651 1652 1644
f 1643 1636 1635
f 1643 1644 1636
f 1635 1610 1609
f 1635 1636 1610
f 1609 1590 1589
f 1609 1610 1590
f 1589 1582 1581
f 1589 1590 1582
f 1581 1562 1561
f 1581 1582 1562
f 1561 1554 1553
f 1561 1562 1554
f 1553 1534 1533
f 1553 1554 1534
f 1533 1526 1525
f 1533 1534 1526
f 1525 1518 1517
f 1525 1526 1518
f 1517 1498 1497
f 1517 1518 1498
f 1497 1490 1489
f 1497 1498 1490
f 1489 1482 1481
f 1489 1490 1482
f 1481 1474 1473
f 1481 1482 1474
f 1473 1462 1461
f 1473 1474 1462
f 1461 1454 1453
f 1461 1462 1454
f 1453 1448 1447
f 1453 1454 1448
f 1447 1452 1451
f 1447 1448 1452
f 1451 1460 1459
f 1451 1452 1460
f 1459 1472 1471
f 1459 1460 1472
f 1471 1480 1479
f 1471 1472 1480
f 1479 1488 1487
f 1479 1480 1488
f 1487 1496 1495
f 1487 1488 1496
f 1495 1516 1515
f 1495 1496 1516
f 1515 1524 1523
f 1515 1516 1524
f 1523 1532 1531
f 1523 1524 1532
f 1531 1552 1551
f 1531 1532 1552
f 1551 1560 1559
f 1551 1552 1560
f 1559 1580 1579
f 1559 1560 1580
f 1579 1588 1587
f 1579 1580 1588
f 1587 1608 1607
f 1587 1588 1608
f 1607 1634 1633
f 1607 1608 1634
f 1633 1642 1641
f 1633 1634 1642
f 1641 1650 1649
f 1641 1642 1650
f 1649 1658 1657
f 1649 1650 1658
f 1657 1666 1665
f 1657 1658 1666
f 1665 1674 1673
f 1665 1666 1674
f 2153 2162 2161
f 2153 2154 2162
f 2161 2170 2169
f 2161 2162 2170
f 2169 2178 2177
f 2169 2170 2178
f 2177 2186 2185
f 2177 2178 2186
f 2185 2180 2179
f 2185 2186 2180
f 2179 2172 2171
f 2179 2180 2172
f 2171 2164 2163
f 2171 2172 2164
f 2163 2156 2155
f 2163 2164 2156
f 2155 2148 2147
f 2155 2156 2148
f 2147 2140 2139
f 2147 2148 2140
f 2139 2132 2131
f 2139 2140 2132
f 2131 2124 2123
f 2131 2132 2124
f 2123 2116 2115
f 2123 2124 2116
f 2115 2108 2107
f 2115 2116 2108
f 2107 2100 2099
f 2107 2108 2100
f 2099 2092 2091
f 2099 2100 2092
f 2091 2084 2083
f 2091 2092 2084
f 2083 2058 2057
f 2083 2084 2058
f 2057 2014 2013
f 2057 2058 2014
f 2013 1994 1993
f 2013 2014 1994
f 1993 1974 1973
f 1993 1994 1974
f 1973 1954 1953
f 1973 1974 1954
f 1953 1934 1933
f 1953 1954 1934
f 1933 1914 1913
f 1933 1934 1914
f 1913 1906 1905
f 1913 1914 1906
f 1905 1898 1897
f 1905 1906 1898
f 1897 1878 1877
f 1897 1898 1878
f 1877 1872 1871
f 1877 1878 1872
f 1871 1876 1875
f 1871 1872 1876
f 1875 1896 1895
f 1875 1876 1896
f 1895 1904 1903
f 1895 1896 1904
f 1903 1912 1911
f 1903 1904 1912
f 1911 1932 1931
f 1911 1912 1932
f 1931 1952 1951
f 1931 1932 1952
f 1951 1972 1971
f 1951 1952 1972
f 1971 1992 1991
f 1971 1972 1992
f 1991 2012 2011
f 1991 1992 2012
f 2011 2056 2055
f 2011 2012 2056
f 2055 2082 2081
f 2055 2056 2082
f 2081 2090 2089
f 2081 2082 2090
f 2089 2098 2097
f 2089 2090 2098
f 2097 2106 2105
f 2097 2098 2106
f 2105 2114 2113
f 2105 2106 2114
f 2113 2122 2121
f 2113 2114 2122
f 2121 2130 2129
f 2121 2122 2130
f 2129 2138 2137
f 2129 2130 2138
f 2137 2146 2145
f 2137 2138 2146
f 2145 2154 2153
f 2145 2146 2154
f 2157 2166 2165
f 2157 2158 2166
f 2165 2174 2173
f 2165 2166 2174
f 2173 2182 2181
f 2173 2174 2182
f 2181 2188 2187
f 2181 2182 2188
f 2187 2184 2183
f 2187 2188 2184
f 2183 2176 2175
f 2183 2184 2176
f 2175 2168 2167
f 2175 2176 2168
f 2167 2160 2159
f 2167 2168 2160
f 2159 2152 2151
f 2159 2160 2152
f 2151 2144 2143
f 2151 2152 2144
f 2143 2136 2135
f 2143 2144 2136
f 2135 2128 2127
f 2135 2136 2128
f 2127 2120 2119
f 2127 2128 2120
f 2119 2112 2111
f 2119 2120 2112
f 2111 2104 2103
f 2111 2112 2104
f 2103 2096 2095
f 2103 2104 2096
f 2095 2088 2087
f 2095 2096 2088
f 2087 2062 2061
f 2087 2088 2062
f 2061 2018 2017
f 2061 2062 2018
f 2017 1998 1997
f 2017 2018 1998
f 1997 1978 1977
f 1997 1998 1978
f 1977 1958 1957
f 1977 1978 1958
f 1957 1938 1937
f 1957 1958 1938
f 1937 1918 1917
f 1937 1938 1918
f 1917 1910 1909
f 1917 1918 1910
f 1909 1902 1901
f 1909 1910 1902
f 1901 1882 1881
f 1901 1902 1882
f 1881 1874 1873
f 1881 1882 1874
f 1873 1880 1879
f 1873 1874 1880
f 1879 1900 1899
f 1879 1880 1900
f 1899 1908 1907
f 1899 1900 1908
f 1907 1916 1915
f 1907 1908 1916
f 1915 1936 1935
f 1915 1916 1936
f 1935 1956 1955
f 1935 1936 1956
f 1955 1976 1975
f 1955 1956 1976
f 1975 1996 1995
f 1975 1976 1996
f 1995 2016 2015
f 1995 1996 2016
f 2015 2060 2059
f 2015 2016 2060
f 2059 2086 2085
f 2059 2060 2086
f 2085 2094 2093
f 2085 2086 2094
f 2093 2102 2101
f 2093 2094 2102
f 2101 2110 2109
f 2101 2102 2110
f 2109 2118 2117
f 2109 2110 2118
f 2117 2126 2125
f 2117 2118 2126
f 2125 2134 2133
f 2125 2126 2134
f 2133 2142 2141
f 2133 2134 2142
f 2141 2150 2149
f 2141 2142 2150
f 2149 2158 2157
f 2149 2150 2158
f 1677 1686 1685
f 1677 1678 1686
f 1685 1694 1693
f 1685 1686 1694
f 1693 1702 1701
f 1693 1694 1702
f 1701 1708 1707
f 1701 1702 1708
f 1707 1704 1703
f 1707 1708 1704
f 1703 1696 1695
f 1703 1704 1696
f 1695 1688 1687
f 1695 1696 1688
f 1687 1680 1679
f 1687 1688 1680
f 1679 1672 1671
f 1679 1680 1672
f 1671 1664 1663
f 1671 1672 1664
f 1663 1656 1655
f 1663 1664 1656
f 1655 1648 1647
f 1655 1656 1648
f 1647 1640 1639
f 1647 1648 1640
f 1639 1614 1613
f 1639 1640 1614
f 1613 1594 1593
f 1613 1614 1594
f 1593 1586 1585
f 1593 1594 1586
f 1585 1566 1565
f 1585 1586 1566
f 1565 1558 1557
f 1565 1566 1558
f 1557 1538 1537
f 1557 1558 1538
f 1537 1530 1529
f 1537 1538 1530
f 1529 1522 1521
f 1529 1530 1522
f 1521 1502 1501
f 1521 1522 1502
f 1501 1494 1493
f 1501 1502 1494
f 1493 1486 1485
f 1493 1494 1486
f 1485 1478 1477
f 1485 1486 1478
f 1477 1466 1465
f 1477 1478 1466
f 1465 1458 1457
f 1465 1466 1458
f 1457 1450 1449
f 1457 1458 1450
f 1449 1456 1455
f 1449 1450 1456
f 1455 1464 1463
f 1455 1456 1464
f 1463 1476 1475
f 1463 1464 1476
f 1475 1484 1483
f 1475 1476 1484
f 1483 1492 1491
f 1483 1484 1492
f 1491 1500 1499
f 1491 1492 1500
f 1499 1520 1519
f 1499 1500 1520
f 1519 1528 1527
f 1519 1520 1528
f 1527 1536 1535
f 1527 1528 1536
f 1535 1556 1555
f 1535 1536 1556
f 1555 1564 1563
f 1555 1556 1564
f 1563 1584 1583
f 1563 1564 1584
f 1583 1592 1591
f 1583 1584 1592
f 1591 1612 1611
f 1591 1592 1612
f 1611 1638 1637
f 1611 1612 1638
f 1637 1646 1645
f 1637 1638 1646
f 1645 1654 1653
f 1645 1646 1654
f 1653 1662 1661
f 1653 1654 1662
f 1661 1670 1669
f 1661 1662 1670
f 1669 1678 1677
f 1669 1670 1678
f 2361 2370 2369
f 2361 2362 2370
f 2369 2378 2377
f 2369 2370 2378
f 2377 2386 2385
f 2377 2378 2386
f 2385 2392 2391
f 2385 2386 2392
f 2391 2388 2387
f 2391 2392 2388
f 2387 2380 2379
f 2387 2388 2380
f 2379 2372 2371
f 2379 2380 2372
f 2371 2364 2363
f 2371 2372 2364
f 2363 2356 2355
f 2363 2364 2356
f 2355 2348 2347
f 2355 2356 2348
f 2347 2336 2335
f 2347 2348 2336
f 2335 2328 2327
f 2335 2336 2328
f 2327 2320 2319
f 2327 2328 2320
f 2319 2308 2307
f 2319 2320 2308
f 2307 2300 2299
f 2307 2308 2300
f 2299 2290 2289
f 2299 2300 2290
f 2289 2280 2279
f 2289 2290 2280
f 2279 2272 2271
f 2279 2280 2272
f 2271 2264 2263
f 2271 2272 2264
f 2263 2256 2255
f 2263 2264 2256
f 2255 2248 2247
f 2255 2256 2248
f 2247 2240 2239
f 2247 2248 2240
f 2239 2232 2231
f 2239 2240 2232
f 2231 2224 2223
f 2231 2232 2224
f 2223 2216 2215
f 2223 2224 2216
f 2215 2208 2207
f 2215 2216 2208
f 2207 2200 2199
f 2207 2208 2200
f 2199 2192 2191
f 2199 2200 2192
f 2191 2198 2197
f 2191 2192 2198
f 2197 2206 2205
f 2197 2198 2206
f 2205 2214 2213
f 2205 2206 2214
f 2213 2222 2221
f 2213 2214 2222
f 2221 2230 2229
f 2221 2222 2230
f 2229 2238 2237
f 2229 2230 2238
f 2237 2246 2245
f 2237 2238 2246
f 2245 2254 2253
f 2245 2246 2254
f 2253 2262 2261
f 2253 2254 2262
f 2261 2270 2269
f 2261 2262 2270
f 2269 2278 2277
f 2269 2270 2278
f 2277 2288 2287
f 2277 2278 2288
f 2287 2298 2297
f 2287 2288 2298
f 2297 2306 2305
f 2297 2298 2306
f 2305 2318 2317
f 2305 2306 2318
f 2317 2326 2325
f 2317 2318 2326
f 2325 2334 2333
f 2325 2326 2334
f 2333 2346 2345
f 2333 2334 2346
f 2345 2354 2353
f 2345 2346 2354
f 2353 2362 2361
f 2353 2354 2362
